port_id,channel_id,counterparty/port_id,counterparty/channel_id,counterparty/chain_id,address,balance
transfer,channel-0,transfer,channel-0,denis-fadeev-chain,cosmos1a53udazy8ayufvy0s434pfwjcedzqv34kvz9tw,210000
transfer,channel-1,transfer,channel-0,denis-fadeev-chain,cosmos1kq2rzz6fq2q7fsu75a9g7cpzjeanmk68g99lm5,1210000
transfer,channel-10,transfer,channel-1,mars,cosmos1fp9wuhq58pz53wxvv3tnrxkw8m8s6swpd4q5kz,
transfer,channel-100,transfer,channel-0,swap-testnet-2005,cosmos156tq6xwlltpqnn0jez7jzcw4vjj6v9utpg25dx,21000000
transfer,channel-101,transfer,channel-0,devnet-1,cosmos1j3mmq2dsfws0pv5fut3ce2252w0ere8g0qs4rx,
transfer,channel-102,transfer,channel-0,sifchain-ibctestnet,cosmos1xawrc0jf0qt249dlx4n3ckdgc942qzengddrmg,
transfer,channel-103,tranfer,,irishub-1,cosmos1hnmuhjmwqcx8hh6f5v5etkpt9j6ct90x8yykhw,
transfer,channel-104,transfer,channel-0,ibcdemo,cosmos12rfkxpwpc4rx9edd4la6z8st4p4fm7ftll39ul,
transfer,channel-105,transfer,channel-0,ibcdemo,cosmos1cxufxa3gryv5mqn306m9ycaj3jg7g9s9cy86n7,
transfer,channel-106,transfer,channel-0,ibcdemo2,cosmos1l54dgtqa6460jx0hn3u94g36udyrvxtjq0m2ka,
transfer,channel-107,transfer,channel-8,crypto-org-chain-mainnet-1,cosmos1esncl89y44z3wdredvs5dj96hhmpyfy88m8v26,
transfer,channel-108,transfer,channel-0,outlier-ventures-demo,cosmos1z5nfj6hkfdmzmtyxwvdy8zdcmascwke5mt2khj,
transfer,channel-109,transfer,channel-9,crypto-org-chain-mainnet-1,cosmos137km8ma0zqgtfld3dy5pqhaggj7mg7njffg3d3,44902009
transfer,channel-11,transfer,channel-1,mars,cosmos1kx2k3mpugtwtajd4zsykx90cn8xawe54x55dj5,
transfer,channel-110,transfer,channel-1,core-1,cosmos1fra99l4yk6fdy0ns2xd9k3dcr676vw9d2s3826,75600000
transfer,channel-111,transfer,channel-1,irishub-1,cosmos1ea9u0qzvtzfs2u66qztrfnmu45pg5q5kuaffm3,
transfer,channel-112,transfer,channel-2,irishub-1,cosmos1a4g45r4s4qpc7tqh6hdrl37zadp9y2f0as52fg,
transfer,channel-113,transfer,channel-1,spn,cosmos10zfpsus4h27eqgrjar7yj2mwer3q84zkxc9qr3,
transfer,channel-114,transfer,channel-0,chain,cosmos1jf7gw9ca4wdzejeyflcflx0sgrk04rvajqfy28,
transfer,channel-115,transfer,channel-1,ibc0,cosmos1wmrdxnnc939rk9lxj9ppllgzfl2u7tj7c7gpzd,
transfer,channel-116,transfer,channel-5,akashnet-2,cosmos1taa8tfzqtykdgse4ct5ln37p4zjr8gwy05s4vm,15059279
transfer,channel-117,transfer,channel-0,outliner-ventures-demo,cosmos1pqfg6dxled596k4k9g0vmn76q4p2cuvfy5lveq,
transfer,channel-118,transfer,channel-0,outliner-ventures-demo,cosmos1swnqgndya85sxp739f8pfqndp6hj6maj82rmrw,
transfer,channel-119,transfer,channel-0,coindesk-testnet-1,cosmos17q5av7jldcecm5ta73k8nympx6gru3zh0kye7y,70
transfer,channel-12,transfer,channel-1,mars,cosmos1004rr9e45qpm2ylvxymphm8sryvxq3a27m36sq,
transfer,channel-120,transfer,channel-1,coindesk-testnet-1,cosmos1ekte4vu7g6hn5tvaf68yvxuqlagxjde7lyqhpn,
transfer,channel-121,transfer,channel-7,akashnet-2,cosmos1rj3jzhns793s9r4xggyerfqca5zaavmdey9x5z,10000
transfer,channel-122,transfer,channel-0,informal-testnet-1,cosmos1yngyqraflvkw78aw3alxnx83ns0wsavgs7hk77,
transfer,channel-123,transfer,channel-0,informal-testnet-1,cosmos1nd0rqaxs6qwh860a6xm2e7v68jzgz39sdx0893,
transfer,channel-124,transfer,channel-0,informal-testnet-1,cosmos1hvqewh6lm54daqdn928y6px2amm3d5p7zyw5qq,68432245
transfer,channel-125,transfer,channel-0,localnet-1,cosmos1zv2kd8the2435wu09js34rjkp9atzmnk7s4u2j,2100
transfer,channel-126,transfer,channel-0,chain,cosmos1w8ent9jwwqy2d5s8grq6muk2hqa6kj28scv4fs,
transfer,channel-127,transfer,channel-0,pio-mainnet-1,cosmos1z3px6fxwr8r7t4hgu74vjcm4q27huphms9ypgf,1125000
transfer,channel-128,transfer,channel-0,baby,cosmos1nu9xjt8y55dh6ueqdetfxfh8njrjpmtjpkat0y,
transfer,channel-129,transfer,channel-0,chain,cosmos1j8rrc5epz0wppvl7jpy9p7q0u4ky9dceq7meqj,
transfer,channel-13,transfer,channel-1,mars,cosmos1nmmg4nyv39ufgjfn029qjeeut8tvvxg5vmxujh,
transfer,channel-130,transfer,channel-1,stargatenet,cosmos1r4edsha0cd9dcuwl67vhana3jkxyfdpr0slxa4,1
transfer,channel-131,transfer,channel-3,stargatenet,cosmos1rqy6dw8k5q3m25napnc2qzlus35krckpc5hqth,
transfer,channel-132,transfer,channel-0,stargatenet,cosmos17nrp0hwgtjfh8ucs695gxxp7jv0asyu65mcf3p,
transfer,channel-133,transfer,channel-1,stargatenet,cosmos1y48w7f9g9876a6s65r3v99q89ksmsh2v4x3g7u,
transfer,channel-134,transfer,channel-1,stargatenet,cosmos1v4qzm9h50dyfk5lm0tyjz62qyvs3mrcjtu6pmq,
transfer,channel-135,transfer,channel-0,dig,cosmos1ya79tgmkgevampdn432zuwye88v05wkl8f6ma6,
transfer,channel-136,transfer,channel-2,informal-testnet-1,cosmos15srw5yjv53fp42aghxt50k78lfndccu885cl5y,5103
transfer,channel-137,transfer,channel-1,stargatenet,cosmos1ygckl664egn34wr50j5v27dpj850hhwteplda7,
transfer,channel-138,transfer,channel-0,localnet-1,cosmos1cklm6dh7d6vcgkgpzuahhn3t7chy9llqzwg2pj,
transfer,channel-139,transfer,channel-0,regen-1,cosmos1dysq6trfpsz0330ac8sq99vzwkmf9vvx4sgmqd,
transfer,channel-14,transfer,channel-1,mars,cosmos13wcjkgl60r8fv5s9r6yq8m33vshnkndk0nljhk,
transfer,channel-140,transfer,channel-0,moonshiner3,cosmos1w35mc4lh9m0ez3ppcwdxs32gmq7drxayfs4qlv,1
transfer,channel-141,transfer,channel-0,osmosis-1,cosmos1x54ltnyg88k0ejmk8ytwrhd3ltm84xehrnlslf,6477369304637
transfer,channel-142,transfer,channel-0,h3liax,cosmos1w22m27s66sal35luf2f6jt9ups4kj7q7syplt7,
transfer,channel-143,transfer,channel-7,core-1,cosmos1e7wq2m6tvfvzp09f0yt5g8xvpkv5gmv5we4qeu,
transfer,channel-144,transfer,channel-7,core-1,cosmos1p9a0t4w5dpv94phumjfks5su2jwdlg59rpcrwa,
transfer,channel-145,transfer,channel-7,core-1,cosmos1wvsevf5fat39tylc4e85eh5ha06tzumufnpd5g,
transfer,channel-146,transfer,channel-7,core-1,cosmos1hru4a5w0c29wr36l2dgaymqqd4h0vju9cv64xa,7220000
transfer,channel-147,transfer,channel-0,myblockchain,cosmos1r0l0augkcfj7lzmxen08jcp7y0nem7c5rwyfrx,
transfer,channel-148,transfer,channel-0,HighlanderClanChain,cosmos1lzh48w3wyj23zcjxtjhaw25xlcafcecl6c3953,
transfer,channel-149,transfer,channel-0,meep-1,cosmos1plk6au939l5zk6zu0cz0s2e5v8sw94ts6ztau5,
transfer,channel-15,transfer,channel-1,mars,cosmos186mpcj53q3hgfnzdu9wkteczs236vdclwcljdc,
transfer,channel-150,transfer,channel-0,HighlanderClanChain,cosmos1s2uker5zq8d3ttxk35ze68fa4qn2xn666za8v3,
transfer,channel-151,transfer,channel-0,HighlanderClanChain,cosmos1v09crew3znwjjyff6d35c9rsmz4d49u9d9wvuf,
transfer,channel-152,transfer,channel-0,meep-1,cosmos19grztmrfep4slux2jgfymc48demtn6qx2eaatk,
transfer,channel-153,transfer,channel-0,lotus,cosmos1azrr9sqwpsekcsgp2ql9q5acns25jmgnclgyue,
transfer,channel-154,transfer,channel-0,highlanderchaintest,cosmos1e208ua3rjzua3hxzkfefz9nl3sz42lt0srxvvw,
transfer,channel-155,transfer,channel-0,stargatenet,cosmos14nskpww3yjf0sw3qvgmkrwjlv3mw3hm9vn52pj,
transfer,channel-156,transfer,channel-1,stargatenet,cosmos1nw56y3789stusz79kf30gkqlqz2zlza8kw96yp,
transfer,channel-157,transfer,channel-1,omniflix-test-2,cosmos1vyeqm7vt7enxhwujhf9xunylmkucwuzr3qxuyz,
transfer,channel-158,transfer,channel-0,iov-mainnet-ibc,cosmos1e3egq0nnze4gwrnuyh6mgcv4mrq9p5y3gfydg2,1361000
transfer,channel-159,transfer,channel-1,iov-mainnet-ibc,cosmos1f4awtvg5skm2ccmu7djrz69yh9s33807wg8a97,100000
transfer,channel-16,transfer,channel-0,mars,cosmos1v0zuhlzznmz8r5csel3dtrm0pst0dmetd7sjcz,
transfer,channel-160,transfer,channel-0,mot,cosmos1dlpmfja5mes6rwxh7epdm3a0p495dtucmh50lq,
transfer,channel-161,transfer,channel-4,irishub-1,cosmos18keznf5ktw22g30zg4hjwgvpmz8d2lnfdys9rd,
transfer,channel-162,transfer,channel-2,sentinelhub-2,cosmos1k3ckf27ywujsepgzjxjl4upgv49nn0c9nam5t7,
transfer,channel-163,transfer,channel-2,regen-1,cosmos1qhchnslw578wqdz6t97vpgj492efe679k244ph,100000
transfer,channel-164,transfer,,crypto-org-chain-mainnet-1,cosmos13awvsnlmtnzyhy62s02ghc58axcdglmhck230q,
transfer,channel-165,transfer,channel-10,akashnet-2,cosmos15tqk34fkuhzyhsfmwftrcuw5hahec8wws0j8wm,
transfer,channel-166,transfer,channel-15,crypto-org-chain-mainnet-1,cosmos1ecjavtxxn78kfgypf2wpc5enp4rpcp6ggvzm0w,
transfer,channel-167,transfer,channel-0,mars,cosmos1g0uzj65vs8mv4w8te9ls0c5nmvmxyqr6gn8l5z,
transfer,channel-168,transfer,channel-0,mars,cosmos1v3vl6shzsazlpqzrxrqc2smc9pcsxqhzkfgyl5,
transfer,channel-169,transfer,channel-0,mars,cosmos19yn5n9tmx7wd2jupnh89ke5cuuv362ldr9sw3j,
transfer,channel-17,transfer,channel-0,mars,cosmos17nsujlwvwf4xrgawwgxqphdak2anflw53v80qu,
transfer,channel-170,transfer,channel-0,mars,cosmos1p7d6djgu0xra8660pedyuwfj2j5fkk28y4v69y,
transfer,channel-171,transfer,channel-0,mars,cosmos16dnxrywtunvc4u2qnuyqescyyrpnpzgdy7g8m8,
transfer,channel-172,transfer,channel-0,mars,cosmos13ld5zp5060gjzcxhl9n2sj469f2pwj8cwf7aut,
transfer,channel-173,transfer,channel-13,core-1,cosmos1ac6fwrzyz9den7z47rylj74cpmpzreyw95j83x,
transfer,channel-174,transfer,,dig-testnet-1,cosmos1yrstrqnw4cg8wr8a3lq7jyce25zdzk35wuagkd,
transfer,channel-175,transfer,,dig-testnet-1,cosmos1e4quceq0nhvfalpkct2yecpu56ss3erlrpjvwj,
transfer,channel-176,transfer,,dig-testnet-1,cosmos1he42skr27f92fdsptyyl0efwk6tmsrr9qkcrs8,
transfer,channel-177,transfer,,dig-testnet-1,cosmos16y09wstcfajvnspua3xtpmxjg7cfj6avvf3dyh,
transfer,channel-178,transfer,,dig-testnet-1,cosmos1mpq09l2g798hksspyjqd3pget3ks4s3hpr9467,
transfer,channel-179,transfer,,dig-testnet-1,cosmos1hv3la038tpa075ftfp5uluejxxlwz9yqw5xa0n,
transfer,channel-18,transfer,channel-0,mars,cosmos1gw2v3j8jxpmnq73rmu3vjz5egle5eep4w0e6nj,
transfer,channel-180,transfer,,dig-testnet-1,cosmos1v4wl0t9aaeyy4a5r9f7aer9rhkmm9vtcx8xz7l,
transfer,channel-181,transfer,channel-3,dig-testnet-1,cosmos1gwrh50zkqmdr0dywlsvjmu0pzwx3edr77xv3mh,
transfer,channel-182,transfer,channel-12,irishub-1,cosmos152jwu84jeupz2m3mpw42acd8g0haewg6z9j0h7,5770835
transfer,channel-183,transfer,channel-17,akashnet-2,cosmos1d74yhy3wzghchvda8vm7zljcylv3gkwm7ykvhe,
transfer,channel-184,transfer,channel-17,akashnet-2,cosmos1hu6afq5jvvuks42e8z7zxr2vce0petra8w7vra,88701583
transfer,channel-185,transfer,channel-11,regen-1,cosmos1ly0tr7k264k3ppkjlwzqysmrxp0f3w5x3r4vh5,1578431
transfer,channel-186,transfer,channel-12,sentinelhub-2,cosmos1qrfgnnm4dzlv6gwqjfu3dgnhju3th68ehhpl6s,19561152
transfer,channel-187,transfer,channel-27,crypto-org-chain-mainnet-1,cosmos177x69sver58mcfs74x6dg0tv6ls4s3xmmcaw53,20343459
transfer,channel-188,transfer,channel-30,osmosis-1,cosmos1v9njymsdu8gdqp4malxvztx9583jqgd7zze9p5,10000
transfer,channel-189,transfer,channel-23,osmosis-1,cosmos1u0l0dzgzcmg0w68jqc69yj0wc7h2wukhausmrv,200000
transfer,channel-19,transfer,channel-0,world,cosmos1jkk2zscerfugj0sjlzgx0xnk2zq6nnqkf395sr,
transfer,channel-190,transfer,channel-24,core-1,cosmos1yczlnxhwr39cehma6qh4ldndk9puc8pnhfdmyh,3563456
transfer,channel-191,transfer,channel-0,pandora-3,cosmos1d9s0u8ah089556q67zfzrnlnass7vrtqlufmqu,
transfer,channel-192,transfer,channel-0,sifchain-1,cosmos12cegj7aqwwhzztl78z4ufe3hs4j6x3g2xwlrsj,253249624980
transfer,channel-193,transfer,channel-29,osmosis-1,cosmos1k95sgk72g27a38k0h0edtcx8g8k4pxqxzw4002,
transfer,channel-194,transfer,channel-4,sifchain-1,cosmos1n3zw26mcl9r8tvx2vndqp3qxsqfawhxkurxc82,
transfer,channel-195,transfer,channel-0,crypto-org-chain-mainnet-dryrun-1,cosmos1964p9zv27nddv7tscn34zlvhdn4gvlzkv799h7,
transfer,channel-196,transfer,channel-0,crypto-org-chain-mainnet-dryrun-1,cosmos1ml3u928ustpmft4gkcnzfpjtkt0azr5c4md5vu,
transfer,channel-197,transfer,channel-21,mars,cosmos10ck4wejtl67xpuajzwzykn8csjj6ufnw82fdn4,
transfer,channel-198,transfer,channel-22,mars,cosmos1jskum3rasgvdx6w3j8aqxnqa3py5644fpcmqc2,
transfer,channel-199,transfer,channel-8,iov-mainnet-ibc,cosmos1h9v50dfpdgmcsge9mfyvqve7t4mmrpm0ssy8hk,
transfer,channel-2,transfer,channel-0,yet-another-chain,cosmos12k2pyuylm9t7ugdvz67h9pg4gmmvhn5vlx9j35,
transfer,channel-20,transfer,channel-0,world,cosmos1cyuncdl3tjth4ycsvat0xrpsmjvhvfwx7w9rpt,
transfer,channel-200,transfer,channel-0,likecoin-public-testnet-3,cosmos10lr5hccgj7p382kk7v7csl2usd6kf9298qt8mp,
transfer,channel-201,transfer,channel-6,microtick-1,cosmos145trdcmgsj5zkl0k3zuztx882ez4uu3e6l29gg,10000
transfer,channel-202,transfer,channel-1,emoney-3,cosmos12m5l4l7ppz0r29mzuyn7fx3m85xhpp2aclgu0r,60900
transfer,channel-203,transfer,channel-1,likecoin-public-testnet-3,cosmos1mrsf8s6augjp9vxdawzt50z45m0yqepc6kstvz,
transfer,channel-204,transfer,channel-1,impacthub-3,cosmos125dgaejga0q9wc6jcpf75lh6aeeyvrdz0u4u5l,41000
transfer,channel-205,transfer,channel-2,likecoin-public-testnet-3,cosmos1ngq9k9n468xsffyl7fgpz9yd7gvhad0eraz4wa,
transfer,channel-206,transfer,channel-0,mars,cosmos1mwdhsjrl9aywsktjngltxpa30le8e3rcafs4fs,
transfer,channel-207,transfer,channel-1,juno-1,cosmos1ju6tlfclulxumtt2kglvnxduj5d93a64r5czge,412387792493
transfer,channel-208,transfer,channel-4,emoney-3,cosmos1fvn6204xqgqknqepc2ent640gdyegumrz87sys,
transfer,channel-209,transfer,channel-0,injective-1,cosmos1r4qx93x86tx9neqhz89scxdjq84dxnwcln5245,
transfer,channel-21,transfer,channel-0,world,cosmos16knm868dfqlvxhpdsv5w6n2an6rgsn3slp2984,
transfer,channel-210,transfer,channel-0,injective-1,cosmos15zn6y6zwjjl9t09vdwm405yzp2sym0stzc6fd8,
transfer,channel-211,transfer,channel-0,injective-1,cosmos1x2xntv5cramq2jyq8a44ret08ca5xfrtrxagaa,
transfer,channel-212,transfer,channel-1,testing,cosmos1j8n9c5m0xsrnurwp92p54afychax3jcz4udz76,
transfer,channel-213,transfer,channel-61,osmosis-1,cosmos1wxlg7n90qx695pfqyy84g0drhp2285698na86p,
transfer,channel-214,transfer,channel-62,osmosis-1,cosmos16d2zgx2ymnxfs98gyeycy4yf59uuzhk7devvlp,
transfer,channel-215,transfer,channel-63,osmosis-1,cosmos1y0xxyhju3trj9nkcgruy6ts9k6syfl0tgagz70,4
transfer,channel-216,transfer,channel-64,osmosis-1,cosmos1tyyqxhlgtk9acc44kxyhktszdpjvu3vj2u46p2,
transfer,channel-217,transfer,channel-5,likecoin-mainnet-2,cosmos1djdemnqqq8gj8uy3yu7vehkhzp2mtwa4z8h0jv,498359825
transfer,channel-218,transfer,,columbus-5,cosmos1clqx8vsulh5g8txkusrftmc38zzvdvrhzfzmfq,
transfer,channel-219,transfer,channel-2,columbus-5,cosmos1j60tpf482emcwwslejdn94u9wvpac6jestwwqr,744075
transfer,channel-22,transfer,channel-0,world,cosmos1gegr4h2jcu9rzcmm3jp7plvv2wjcsuar93myp4,
transfer,channel-220,transfer,channel-1,injective-1,cosmos138788g8nr0u2tyjzlrf39xzuhvqz4vh3rxxkzu,15126277481
transfer,channel-221,transfer,channel-1,cronosmainnet_28-1,cosmos1jg283gsg5la9cjn7rfg9qh8xw54ajm9995gzqs,4655028
transfer,channel-222,transfer,channel-76,osmosis-1,cosmos16cseqt7mf2agf7rjj00f2ns55tz6gh7auxl8a5,77770
transfer,channel-223,transfer,channel-1,kichain-2,cosmos16eh5j2esxupmd7zgg6efm77gu3l0e78ttc5k2d,1468613944
transfer,channel-224,transfer,channel-1,bostrom,cosmos1agun9r0c2mq56chs0wlx3394yd20dfzn4vs0gv,
transfer,channel-225,transfer,channel-1,bostrom,cosmos1mfqnlqz5hh7wzy2lcfmw82s5aqtx2l9e0enqzr,
transfer,channel-226,transfer,,laozi-mainnet,cosmos1j2yzekryhclpsnayuenkq5x7cjq9w84ka3ds8g,
transfer,channel-227,transfer,,laozi-mainnet,cosmos1ldszdg9dxm75v5wzhv4ktura2llufrzdt6858q,
transfer,channel-228,transfer,,bitsong-2b,cosmos10y9z3lhsyv0jassgfhga2cfpsl3hplr2k96cd0,
transfer,channel-229,transfer,channel-1,bitsong-2b,cosmos1gnlwjd2ggncsz582nmw6u2uwxp4p99nmh0fq7d,30268209
transfer,channel-23,transfer,channel-0,world,cosmos15npgw5savx3d4af8wh32c6xs2qkwhzqg9je9py,
transfer,channel-230,transfer,channel-8,laozi-mainnet,cosmos1p70ev056w76msk593knr2g3kw50v2rj9kgf8m8,
transfer,channel-231,transfer,channel-0,testnet_2-1,cosmos18ajmkerr0zdscusdvqxj3kgzg9xch57q7lz75t,
transfer,channel-232,transfer,channel-3,bitcanna-1,cosmos1vnjmdj3n2htq0s8uvqg8gdx2dwzdpzqjdr84rp,10425
transfer,channel-233,transfer,channel-0,secret-4,cosmos14vgex8csswsz7e7jm2prszsqaz9f4kf33es22u,
transfer,channel-234,transfer,channel-0,secret-4,cosmos1r389equw699lmffkr52z8syn3em366zdzh7jzu,
transfer,channel-235,transfer,channel-0,secret-4,cosmos1tssxslxqr92zg2grk95d86vq30raru6pl8x8pn,15200644324
transfer,channel-236,transfer,channel-4,bostrom,cosmos1g0spvnclwr67xencfdl0qtmehssfqvg2rkgwzl,
transfer,channel-237,transfer,channel-4,bostrom,cosmos1kfp2h8ten05yjs4s6ypz7gxeps0pv749va4nhm,2093000
transfer,channel-238,transfer,channel-0,checkers,cosmos1mhnqcjrglzqzjqz9ars0na8ftv0e36lusymlcu,
transfer,channel-239,transfer,channel-1,cheqd-mainnet-1,cosmos1z3xg40erv0rgt6y3u39sr74zw7jzdc8hl46c4h,
transfer,channel-24,transfer,channel-0,ibctest,cosmos1qyx9s8senm423qvfwh90h9ucymf6mxm6068cff,
transfer,channel-240,transfer,channel-5,bostrom,cosmos1dh7mfstecs6w9vm3uasyea60qn3fzsdpretjhg,226734246
transfer,channel-241,transfer,channel-1,cronosmainnet_25-1,cosmos1f9cae0zhtjm4ul2uhq60vs8ulm9am4w4v5rw40,463543731560
transfer,channel-242,transfer,channel-0,dig-1,cosmos1hh23dnkzpjuyn56jyx29mgp9ttfe5dyqhd9gsl,
transfer,channel-243,transfer,channel-0,dig-1,cosmos1ukxl9d953s6mvez7xj2uhl5kj23w9g49s0xqkz,
transfer,channel-244,transfer,channel-1,osmosis-v6patch,cosmos1ky0kaufkyxw0hqmkyk6pjhureanjekrv8a9430,
transfer,channel-245,transfer,channel-0,dragonnet,cosmos1nl62ptz5ngjtvrs2992c7xflhe26jfmf5v9c8e,
transfer,channel-246,transfer,channel-0,core,cosmos1qs3uhs54ldlwgpjd3388gnnq3hcy6n5j5cldyy,
transfer,channel-247,transfer,channel-1,core,cosmos1gct0u5acpcl9p9r05nycwphq67kt47dsz33pdl,
transfer,channel-248,transfer,,pio-mainnet-1,cosmos1ucw7j66xt0re0lrt7fc66g6v20cmctacjap7kr,
transfer,channel-249,transfer,,pio-mainnet-1,cosmos1dw7znag6x0xtga7rs5nv9atanyttvwvs6e9y9s,
transfer,channel-25,transfer,channel-0,ibctest,cosmos1ea33k3cme8rryha8gjjxfjgv2wja078vrhawjp,
transfer,channel-250,transfer,,pio-mainnet-1,cosmos1adkdnrt6eac3m3nu6m8c6w7lxer9yg84a0qad6,
transfer,channel-251,transfer,channel-1,pio-mainnet-1,cosmos1djycqvy92et4gfpz33fdlgy8j67tfkaeafls8a,
transfer,channel-252,transfer,channel-0,stargatenet,cosmos188rpeqp5kwyz7haxfrkrqk70ymk4xrwdtarvkt,
transfer,channel-253,transfer,channel-9,arkh,cosmos1ukqrsaenwwxaym6vhyy2u8kel2gcqgphwec40x,
transfer,channel-254,transfer,channel-0,stateset,cosmos165tjgzzc2amlasq55ze88f9t23pc9cp4xmr4z7,
transfer,channel-255,transfer,channel-1,stateset,cosmos1dcd5ctamvnk7l79gpslzk5w6fs7tvwzyskgmj3,
transfer,channel-256,transfer,channel-2,stateset,cosmos1grl075rtpkx7gfqwcgauycsmx8ryddu3xsd0a3,
transfer,channel-257,transfer,channel-3,stateset,cosmos1ahwuug2zl9hxzykdxac8qwdmlhjahxmmu4djn2,
transfer,channel-258,transfer,channel-4,stateset,cosmos1ggfgtzhwaz5f766v08567cwscvxla05vglr5jq,
transfer,channel-259,transfer,channel-5,stateset,cosmos15c29axtedqkxz9e96jfnnjmz6409dg6vkcj7wz,
transfer,channel-26,transfer,channel-0,mars3,cosmos1r7vexk557vtpvztyawa6h8y96ly8reakcmaxt6,
transfer,channel-260,transfer,channel-6,stateset,cosmos1mc245gay37agcktnhr96etlau4rj0xwaaduz0v,
transfer,channel-261,transfer,channel-7,stateset,cosmos16nk2ffs8cp8qjln7w0gz5etpj28na7k773g0l7,
transfer,channel-262,transfer,channel-8,stateset,cosmos1fsk922g5e58mc4ea6t8exufelzl5yzgycvj7qr,
transfer,channel-263,transfer,channel-9,stateset,cosmos1xgf4lkj4q96d406035najnn3dg5h9unmgqf9gc,
transfer,channel-264,transfer,channel-10,stateset,cosmos1m62kuq42tm2cgzf75g45k8zmsdklvwdtznct9m,
transfer,channel-265,transfer,channel-0,stateset,cosmos1s308jav50mgct9x4f87u23w2tfe8q6qens77j4,
transfer,channel-266,transfer,channel-1,stateset,cosmos16v3cc5w0dpc2qlgkfqjfj2lwseng887qjg9386,
transfer,channel-267,transfer,channel-2,stateset,cosmos13chvj7739knxjcnwst0yct2vxrl78aqrmrjep8,
transfer,channel-268,transfer,channel-0,stateset,cosmos1c7zhfd4ghkgmtzzcpaav6uvds58xsecsgn0w69,
transfer,channel-269,transfer,channel-10,sifchain-testnet-1,cosmos1d4csvyk55u840a53gm3fv5frpv6jpqe8j23z7g,
transfer,channel-27,transfer,channel-0,ibctest,cosmos1k9f03275djwwhjrtg5a9vzdlx4qg4a3etp32ch,
transfer,channel-270,transfer,channel-203,osmosis-1,cosmos16060uh92z0gr0tn6k2m9tm4y5r7ay0ujcugcwd,
transfer,channel-271,transfer,channel-137,osmosis-1,cosmos1e98s0033vm0knmxk9h58adqsfyvnqur3fkl4vm,
transfer,channel-272,transfer,channel-138,osmosis-1,cosmos1ecgpjq9y3wquuxzzpmvyl6y9gspwt6y62xnh3h,
transfer,channel-273,transfer,channel-138,osmosis-1,cosmos1925pkq34rag4pl84hs3q2krt9vy5tqr373zveu,
transfer,channel-274,transfer,channel-138,osmosis-1,cosmos1jtl7jg52m3xvzf6kh7tcnjyquftr6jjzs6sl76,
transfer,channel-275,transfer,channel-139,osmosis-1,cosmos1mdg5erezwmktux2clwzhdrfja676uhzgdpp9y0,
transfer,channel-276,transfer,channel-140,osmosis-1,cosmos12cdu7j69d9w32h8pvk3x8jzsmrkpquz9l0l6cg,
transfer,channel-277,transfer,channel-0,kava_2222-10,cosmos1408lwhlux8qjvfs54zanvvcszls06utysftc9q,900019887642
transfer,channel-278,transfer,channel-164,osmosis-1,cosmos1lvv6mqzfmq26y55j73pqqznp4ysarjuwmhhcjt,
transfer,channel-279,transfer,channel-0,hello,cosmos1f2czw2dcz4qaa5wg4udfg43qw0gf6c4gdrmtac,
transfer,channel-28,transfer,channel-0,ibctest,cosmos1dvju5cfxdxuxxk9ygeqlgvvutvxd53pekwet82,
transfer,channel-280,transfer,channel-166,osmosis-1,cosmos1ndampvy2v24f64zetx2fk7gaq5w0tt5qu0mr0r,
transfer,channel-281,transfer,channel-17,gravity-bridge-3,cosmos1zu668p3g4d97gwycvejkutqllug4vpcvqdjtc0,328009275
transfer,channel-282,transfer,channel-2,fetchhub-3,cosmos1r2uzezlvpnpjm40putpxm7g2f6xtyfd8jlgqpk,
transfer,channel-283,transfer,,irishub-1,cosmos1jmypulrcmh76ljxwtg7cwd5wlz89ehclqwanj2,
transfer,channel-284,transfer,,irishub-1,cosmos1asefsw99mfepata74zm6t0dfuaqevql2cs03un,
transfer,channel-285,transfer,channel-19,stargaze-1,cosmos1jy5rmv95fvr2celatv50zj6f07z3mm26s0ymmn,3110000
transfer,channel-286,transfer,channel-0,ibctransfer,cosmos12f5xpulr3rlup3hq3rwfq6cu5ejedlyl2sxn22,
transfer,channel-287,transfer,channel-1,ibctransfer,cosmos1dlxfs7tnjzp9cu3qs9xkynrxry7j9snye7wr6h,
transfer,channel-288,transfer,channel-1,umee-1,cosmos19snvk4ge35zy337t5jananr9k2vssfchgnvfsv,6069155120
transfer,channel-289,transfer,channel-14,chihuahua-1,cosmos1z2hkpzs7tmlex0h4wv7u2dkwhq8x9anzmd3jgn,990
transfer,channel-29,transfer,channel-5,mars,cosmos1je5zsemauel5dqjwug9snfvkwr8hks9zdlgvkg,
transfer,channel-290,transfer,channel-0,omniflixhub-1,cosmos17qg6uq534r2gjuvqyat8tydw9jvhjpaj9a4hhq,441802624
transfer,channel-291,transfer,channel-3,Oraichain,cosmos1hqzfa6nm8hccqd6gctus4955fkxm5u5ac3l6pf,12
transfer,channel-292,transfer,channel-3,evmos_9001-2,cosmos1387hmv7nprazgd7e48asp3uk0php3270w8wthy,9300716
transfer,channel-293,transfer,channel-2,axelar-dojo-1,cosmos1vtjqm7gpsaku96h9nyqea5ke8lcvcrr4spy3nm,30899052887
transfer,channel-294,transfer,channel-210,osmosis-1,cosmos13gjjvss6au3mltufl4yu28prx44jxs3cypngyj,
transfer,channel-295,transfer,channel-9,Oraichain,cosmos1qv4ncm6eccscslsuhgpudxyvzq492aj9yzx0vs,1192183
transfer,channel-296,transfer,channel-0,exchain-101,cosmos19wnc2a408wty288zkqw4ucfjyxyzd4uqv09rkg,100
transfer,channel-297,transfer,channel-0,exchain-100,cosmos1j955r6qyne8s4qqkrshq7z2047h2a0t08kltl4,
transfer,channel-298,transfer,channel-0,exchain-100,cosmos15wweh9ycswachqmr888l9acs0wsdksdvhmen5e,
transfer,channel-299,transfer,channel-41,columbus-5,cosmos1lrxvd0axdnmq3kdyyjmfuppk8aq2yn5r6enm78,2991556667
transfer,channel-3,transfer,channel-0,yet-another-chain,cosmos1krtrt5dvhnw5j46ljgah7q5f9pm3vvakrrpkjr,
transfer,channel-30,transfer,channel-0,ibc-0,cosmos12vssh8spx53qzg532xpj22sa7e85ts4xkevum4,
transfer,channel-300,transfer,channel-0,exchain-10001,cosmos1rh2pzr4r4rqqk8hrva2w0xq7kkhlsd39uspca8,
transfer,channel-301,transfer,channel-15,Oraichain,cosmos1dp0xhtj2x8ky88lvegqt3500vrmjqast6ldjdt,32291632474
transfer,channel-302,transfer,channel-15,Oraichain,cosmos12avvj7n4c8z4mcxzngea8my0lkpd40w23p3sj2,
transfer,channel-303,transfer,channel-15,Oraichain,cosmos14jclzwcdkjwyank0aa0vxdar3eh9s59s6u7qfu,
transfer,channel-304,transfer,channel-1,darchub,cosmos1hxzcz73268xglgadzppdtk3c0zas5q5nsq04xs,200000
transfer,channel-305,transfer,channel-12,omniflixhub-1,cosmos1ujcuhfsgkdtmwj9w050q0505x3mux45ck80ppz,
transfer,channel-306,transfer,channel-12,omniflixhub-1,cosmos120mccyqydundpnrawcf6y2zu0c3znqe6txuzsd,2717962247
transfer,channel-307,transfer,channel-10,shentu-2.2,cosmos19l8zhnzmkhkapmu7df66zudapv3ytjqun8q66v,
transfer,channel-308,transfer,channel-10,shentu-2.2,cosmos1qc2nsvtrrva5kje05v9lq3a48mlhn9dhu6d2u8,
transfer,channel-309,transfer,channel-218,osmosis-1,cosmos1tggegvsy8wccjsdssdvkymtq6pu5ylzwvp958y,
transfer,channel-31,transfer,channel-2,ibc-0,cosmos1vn26uz7pxhz5aqd4s4q8kuar84ev9emhltn5qy,
transfer,channel-310,transfer,channel-218,osmosis-1,cosmos16myz87pkts6axzu8yutdejq3tmw2gwz0mfgntc,
transfer,channel-311,transfer,channel-273,theta-testnet-001,cosmos1qvqfywa4azykfvqclz9g55wuf9xt66hdwugywe,
transfer,channel-312,transfer,,pio-mainnet-1,cosmos1s67cnceqpfe642p3uevtgqveajnk298yvlykfd,
transfer,channel-313,transfer,channel-0,titan-1,cosmos1m49687452mvlvfx5dfxhqa75rlxak8cdcdm6wp,207687
transfer,channel-314,transfer,channel-6,pio-mainnet-1,cosmos190kgy2l2evxan9kqg0pn5kt9mjj2a36gek77rp,
transfer,channel-315,transfer,,irishub-1,cosmos1aq65kkshje8wqwuwrmxuepp72u5jxjf9t8m9cx,
transfer,channel-316,transfer,channel-0,joltify-01,cosmos1gllw527l8ymkh4ayel6j98whmznxwddu33u86c,
transfer,channel-317,transfer,channel-1,joltify-01,cosmos120vcpg0rptkk576e9vdld7hul442eay5h2ags2,
transfer,channel-318,transfer,channel-0,chain,cosmos1p2ykfmx8kkp502rklf8upcyvt9gn04j5q8krr7,
transfer,channel-319,transfer,channel-1,chain,cosmos1jez4gu0wk9tnyhv8cpty3apxrx4klkzv5t69se,
transfer,channel-32,transfer,channel-6,mars,cosmos1y376tnlmyu23jaxdjj3xdpsf2crxfgpah8yvtg,
transfer,channel-320,transfer,channel-11,shentu-2.2,cosmos1cypce6rceww32yz05ptgn599snuyftxarmtvq6,
transfer,channel-321,transfer,,irishub-1,cosmos1v0fc2uhj896dnwsv8hegzgxk303ytft7s9ktv8,
transfer,channel-322,transfer,channel-0,joltify-01,cosmos1vejduy2lfp8vwttj7fx2f5letsqjyp9jd60v5a,
transfer,channel-323,transfer,,testnet-234,cosmos152whg7n8puulv5drpgfvtfll5sgtl97v3qr5mj,
transfer,channel-324,transfer,channel-11,fetchhub-4,cosmos15lz5tgvzyayl8cxrxxvfaznc9tjernmgwkarl4,
transfer,channel-325,transfer,channel-297,theta-testnet-001,cosmos1sa9ds97zx6kp4s5j72avd0xee9pu27lzexpgek,
transfer,channel-326,transfer,channel-1,crescent-1,cosmos1a6usu3y3t5fcxa4kdtv4cgj7cmav7j0l6uzuvq,299401550489
transfer,channel-327,transfer,channel-0,echelon_3000-3,cosmos185crjgapcuhq4zu6n0j0ly9n3un3ky6kw7gruc,
transfer,channel-328,transfer,channel-0,cashfeed,cosmos1lqfzsz9a0gtttfv7z6ycqjm7um9t0m6r4tpq4m,
transfer,channel-329,transfer,channel-1,cashfeed,cosmos1ryn2sln42jgmxygm7tzhj8ahc58ye2wg99pktt,
transfer,channel-33,transfer,channel-7,mars,cosmos1ukv0qhw3zszzyjty32cck2j229ekpmr6qy6ju0,
transfer,channel-330,transfer,channel-379,theta-testnet-001,cosmos1mtsmep62egtld3y5fwsyu3ccfql53pyum0575t,
transfer,channel-331,transfer,channel-239,osmosis-1,cosmos1jmy5r360rj4wpc68ucyga5k7kd628ztz5nu7nd,
transfer,channel-332,transfer,channel-0,spn-1,cosmos1mpu8qy32d0ank9z99xu9q7f56wt2ayuccnzh8q,
transfer,channel-333,transfer,channel-240,osmosis-1,cosmos1t4zkw25433af294rjn0cakn54z6xkhan5j0929,
transfer,channel-334,transfer,channel-240,osmosis-1,cosmos1ducwuaj5q9qt0wfm5akjul5kngcey95df42yys,1470003003
transfer,channel-335,transfer,channel-242,osmosis-1,cosmos1uem3mrhwzpeenn7gh9qeq4kmx8khz0vlpmy7an,
transfer,channel-336,transfer,channel-29,comdex-1,cosmos19cjpnqvpsql3fl3juqt635wmxasrrg98jzxny7,
transfer,channel-337,transfer,channel-242,osmosis-1,cosmos1nsyacpzdfwc7wdhj7ae273jkh33w85fhg4kgtv,
transfer,channel-338,transfer,channel-245,osmosis-1,cosmos1kcp9tvup6z32xn7asjt0c8pwywwhmjmvlqun2q,305000
transfer,channel-339,transfer,channel-0,phoenix-1,cosmos16rvar5669vp6fj2fx07uryauew7weuxsv0u5s2,29692002
transfer,channel-34,transfer,channel-8,mars,cosmos1am5evuwnxxx2g0h7cvw302e2xnr880kqpcefxk,
transfer,channel-340,transfer,channel-7,echelon_3000-3,cosmos1k67mnu27xfsdnzzh8rsh078qvstsdu0cp433es,
transfer,channel-341,transfer,channel-8,bostrom,cosmos1lza9h8vdkxs0zh5yvlm7f2am02e9rf3q6hs740,
transfer,channel-342,transfer,channel-3,carbon-1,cosmos15vf937n6hy94stkgzzlpcvhee7kvdqwg92jv4k,2664888
transfer,channel-35,transfer,channel-3,spn,cosmos18hp3fwp29gqvl6a0uz034thj2nr25s3zd539rh,
transfer,channel-36,transfer,channel-9,mars,cosmos1nf0nykcz465c97n6pdnsnsm0uu40nyzqzmwar5,
transfer,channel-37,transfer,channel-3,hackatom-ru,cosmos16x3gyxe9r068xgmak5t5zcls56ztu67pahmu6a,
transfer,channel-38,transfer,channel-0,sprelayers,cosmos1a3lx753q8dzsu2hdxv6hzxrn0srdpays25l35g,
transfer,channel-39,transfer,channel-1,sprelayers,cosmos13wzn2fc0an2yvw4gsycxpgaj2rugvraqhe5tsh,
transfer,channel-4,transfer,channel-0,yet-another-chain,cosmos17sael2kcmm8npe2pmkxj3un90xfg60vv54ydra,
transfer,channel-40,transfer,channel-0,ibc-0,cosmos14ytc753q8lhj7qr9qxxfrpqyhexmd3hmr85xjr,
transfer,channel-41,transfer,channel-0,spn,cosmos1mpz8zu684jk24f5dz7jqvtvfhgd4l977472ywv,
transfer,channel-42,transfer,channel-0,spn,cosmos1uf085y7mpup6hl5cactwgnt5dfuysh5zj2y9u6,
transfer,channel-43,transfer,channel-0,spn,cosmos1a6qn3k8t7776eed2xmjc99fx89exhvf20aujh7,
transfer,channel-44,transfer,channel-0,spn,cosmos1hcea3h0ykw4jqyjhj3tnydsk22s06adh4w5xdn,
transfer,channel-45,transfer,channel-0,spn,cosmos1nk4fj353647jkdc6lawsm8ddc5sjvzfkpm5l7e,
transfer,channel-46,transfer,channel-2,sprelayers,cosmos1lkt52d0r0eyys0frw8ccu3f80x6vpkd6nxmrrj,
transfer,channel-47,transfer,channel-0,spn,cosmos13wq8cfjdshlj0ju3tqac75lp9paymcql30zxgz,
transfer,channel-48,transfer,channel-0,spn,cosmos19xpt04xkxxnlnxcze9cje78c2jsa2vkykx3sv9,
transfer,channel-49,transfer,channel-0,spn,cosmos1u929fykjps0qny9enq0rgdsavau7amszhac6a2,
transfer,channel-5,transfer,channel-0,yet-another-chain,cosmos16h2ynrzwhxgjnd0hswkvdvq9nav9kklqvvftae,
transfer,channel-50,transfer,channel-3,sprelayers,cosmos1kr0zkc0zwdfmz4vnqqvg0h3tfva7yltvh73dtv,
transfer,channel-51,transfer,channel-4,sprelayers,cosmos19g3j63gysl7ntknvzlrdvfq4fqa9sp072h49hw,
transfer,channel-52,transfer,channel-0,spn,cosmos1a262pqw4fdex4ky0mcmlfme5a6vyds93lg9a86,
transfer,channel-53,transfer,channel-0,spn,cosmos17emrn3k8zpnrh8duql6y9de8wc6gyhcryfrtlr,
transfer,channel-54,transfer,channel-0,spn,cosmos1emsrn2pynkc7mpt5uma3jkptkpnzgz5gq6v3wv,
transfer,channel-55,transfer,channel-5,sprelayers,cosmos1nzzhyh45xd76gupf9acqmzjswafhsdvdkauhd2,
transfer,channel-56,transfer,channel-6,sprelayers,cosmos152gjrcj7maupp60q3x5sy9368dy40tjmq2ztrw,
transfer,channel-57,transfer,channel-7,sprelayers,cosmos1dzxv8v0h488e46jhdc3xy28kq3ag0k2wzjme8m,
transfer,channel-58,transfer,channel-0,sprelayers,cosmos1qnaxuxfwq06ggygcxeyh0dv3yzgzymxg3cpll3,
transfer,channel-59,transfer,channel-0,sprelayers,cosmos17sc4znp33g7gfev9krd2ac70dzyg5nse2et859,
transfer,channel-6,transfer,channel-0,yet-another-chain,cosmos1a9gzwgqf8069v9j500paye5dm2p54tlxxgkw7t,
transfer,channel-60,transfer,channel-0,planet,cosmos1dw9sx07pgh7wj2tjpqg367k9l7pysku756jdga,
transfer,channel-61,transfer,channel-0,planet,cosmos1jmcglw0kv9k2wyj4h52yg66qtn6r5sxystq7tp,
transfer,channel-62,transfer,channel-0,planet,cosmos1pzfmutu359puk2sy096c9v76k3sr29vpg98f8c,
transfer,channel-63,transfer,channel-0,planet,cosmos1eguu0z4fzfkf7zcvdq7qw2mlnnvsnu24346dsg,
transfer,channel-64,transfer,channel-0,planet,cosmos12msv4pgnpum3tjtgzms0v0kzr7g3yq582upvg9,
transfer,channel-65,transfer,channel-0,planet,cosmos1zl0hq5vcysct05nytm7ptfsd6uyewf0w0crm0q,
transfer,channel-66,transfer,channel-0,gaia-photon,cosmos1wdpkmwzpfdldef4py77agvyv3jz0da278pwsuw,1390000
transfer,channel-67,transfer,channel-0,planet,cosmos1yy0yvsehqw8f3ue9flnn2m40qx3y7efduyn9qw,
transfer,channel-68,transfer,channel-0,planet,cosmos1kujna0k7mrxyh6jrm3cqwv0l74dmldrhqwc8vt,
transfer,channel-69,transfer,channel-0,planet,cosmos1qjp5mndargkj0nexrh2jgy6dx4jfdt3r2mt66r,
transfer,channel-7,transfer,channel-0,yet-another-chain,cosmos1r726yra3euctv92qqfxh45xztewgp2qj5ym6h9,
transfer,channel-70,transfer,channel-0,planet,cosmos1nqn324hn30vqw76ftm7qst63dlw2t55jr4uy9q,
transfer,channel-71,transfer,channel-0,planet,cosmos19daktj4wktnnng3cgfg60ygsc2m5juldt7uyem,
transfer,channel-72,transfer,channel-0,planet,cosmos1fra4qtdjw3rnjp8fen80ha988l59qpslgre509,
transfer,channel-73,transfer,channel-0,planet,cosmos1qkugk3gqmsg98gx6ws9g3ql6pevzwetj43lhye,
transfer,channel-74,transfer,channel-0,planet,cosmos1vq5d4gdsdz26c9wd8f89jdnd34ydnlry8x2hf3,
transfer,channel-75,transfer,channel-0,planet,cosmos1fv8af0ggq4fcr9flp0mau6350au22rj9ufrkx4,
transfer,channel-76,transfer,channel-0,planet,cosmos1vctzhhyl54950zext7wtnr9yg20lp8cz4ttnat,
transfer,channel-77,transfer,channel-0,nyancat-8,cosmos1ekssts46ylh5r26hah7cdmryp7xa5k0nl745ql,10000
transfer,channel-78,transfer,channel-0,planet,cosmos1jghnsdy7cfe3ulpm3fs6elsf9sp0dp5vpdqjax,
transfer,channel-79,transfer,channel-0,ibc-0,cosmos1tyynuguwmuc560cughc9965elwzpfmv2wnq0xh,
transfer,channel-8,transfer,channel-0,yet-another-chain,cosmos187dz9zlxc3zrltzx5756tu7zew6yu3v0p3zerk,
transfer,channel-80,transfer,channel-0,planet,cosmos1fn8u7vk0lf93zah22mux5ncartrcz64mxrsgzm,
transfer,channel-81,transfer,channel-0,planet,cosmos1jw6dhnkvrwh53wpj0a9eh0r5ljnxjere2srvlr,
transfer,channel-82,transfer,channel-0,planet,cosmos1x5y6jtaprx53w68gc5cqg8ttekn4xupxnl38w9,
transfer,channel-83,transfer,channel-0,planet,cosmos1eywj3pv7cylrwd4cs6phctc049hf0xy7sc8cst,10
transfer,channel-84,transfer,channel-0,world,cosmos1wvrc02967ssgrne2s33e5w3e49tnwfc6cwjlme,
transfer,channel-85,transfer,channel-0,world,cosmos1crct0dge54h4f9dc6y7q6aa9732xxgyaerx8v0,
transfer,channel-86,transfer,channel-0,world,cosmos16r7am2cje5xfwtkzdtd5249txuc50jkvhvqag0,
transfer,channel-87,transfer,channel-0,ibc-0,cosmos18wamg37s5v9fgnny7qh33h9twjfskf3syjltuu,
transfer,channel-88,transfer,channel-8,musselnet-4,cosmos188npdeccnax34adzf404csdezl8ulv6awheyef,
transfer,channel-89,transfer,channel-0,egchain-1,cosmos104pd3ga4tpp3zwl78ggp8fad0fpjqyac0dld55,1
transfer,channel-9,transfer,channel-0,world,cosmos1wsxce0ls59rtj70fwcrxmtmmv32vpgmgdvvxru,
transfer,channel-90,transfer,channel-1,ibc-1,cosmos18jcus0p7mn27tcyxfwcsa97zz3wpglv0sd96k0,
transfer,channel-91,transfer,channel-0,irishub-1,cosmos18re7jzgu6alq8l5ylpj8ywaujc9lut8nytx3f7,4791178887
transfer,channel-92,transfer,channel-0,egchain-2,cosmos1q0pssjw6sjtprcwm8946jeuaceckrduwy9fur2,
transfer,channel-93,transfer,channel-0,crypto-org-chain-mainnet-1,cosmos1jnl9cj0xuwsmjuvd50af3sauj9acnmr28t2whp,30100
transfer,channel-94,transfer,channel-0,ibccccu-1,cosmos1wt4dazr6urxsvxpxvqavajp8khnyudmen6za5n,
transfer,channel-95,transfer,channel-0,akashnet-2,cosmos1akfrf46rjl52wqrfkm79dyr6vv32fcs6qj3ef8,33208220
transfer,channel-96,transfer,channel-0,moonshiner,cosmos192xah6nvvem3ttne2yw53kfwqvh84hlxwul0fc,2
transfer,channel-97,transfer,channel-1,akashnet-2,cosmos1shwt0t842snpksljmj8s3t85zzeun7aalr6rez,610
transfer,channel-98,transfer,channel-0,moonshiner2,cosmos1gjgxy0wzpw4k2dp6pkwzrh4jxndn5hvnfw37ff,2
transfer,channel-99,transfer,channel-0,core-1,cosmos1ct775c6tye5lr73lfsa9sxncvu87gx30zkrq4c,201000
transfer,channel-0,transfer,channel-42,osmosis-1,juno1a53udazy8ayufvy0s434pfwjcedzqv34q7p7vj,2549732756145
transfer,channel-1,transfer,channel-207,cosmoshub-4,juno1kq2rzz6fq2q7fsu75a9g7cpzjeanmk687hxyug,165216536
transfer,channel-10,transfer,channel-6,sifchain-testnet-1,juno1fp9wuhq58pz53wxvv3tnrxkw8m8s6swpm8r037,
transfer,channel-11,transfer,channel-1,sifchain-testnet-1,juno1kx2k3mpugtwtajd4zsykx90cn8xawe54sxhk4g,1260000
transfer,channel-12,transfer,channel-3,sifchain-testnet-1,juno1004rr9e45qpm2ylvxymphm8sryvxq3a2gfjphu,
transfer,channel-13,transfer,channel-0,osmosis-v6patch,juno1nmmg4nyv39ufgjfn029qjeeut8tvvxg56f984t,
transfer,channel-14,transfer,,chihuahua-1,juno13wcjkgl60r8fv5s9r6yq8m33vshnkndkepufs2,
transfer,channel-15,transfer,channel-6,chihuahua-1,juno186mpcj53q3hgfnzdu9wkteczs236vdclc2uf2y,
transfer,channel-16,transfer,channel-0,sifchain-devnet-1,juno1v0zuhlzznmz8r5csel3dtrm0pst0dmetmvnfl7,10000
transfer,channel-17,transfer,channel-5,bitsong-2b,juno17nsujlwvwf4xrgawwgxqphdak2anflw587y58q,6690472
transfer,channel-18,transfer,channel-6,secret-4,juno1gw2v3j8jxpmnq73rmu3vjz5egle5eep4ca6p5w,521001
transfer,channel-19,transfer,channel-8,sifchain-testnet-1,juno1jkk2zscerfugj0sjlzgx0xnk2zq6nnqklrx0hl,
transfer,channel-2,transfer,channel-34,sifchain-testnet-1,juno12k2pyuylm9t7ugdvz67h9pg4gmmvhn5vf5xfkg,
transfer,channel-20,transfer,channel-5,stargaze-1,juno1cyuncdl3tjth4ycsvat0xrpsmjvhvfwxguxcxh,10591
transfer,channel-21,transfer,channel-2,sifchain-devnet-1,juno16knm868dfqlvxhpdsv5w6n2an6rgsn3sfnf7qf,
transfer,channel-22,transfer,channel-3,sifchain-devnet-1,juno1gegr4h2jcu9rzcmm3jp7plvv2wjcsuarnrclxf,
transfer,channel-23,transfer,channel-0,sifchain-testnet-1,juno15npgw5savx3d4af8wh32c6xs2qkwhzqgnq67xc,6560000
transfer,channel-24,transfer,,osmosis-clean-testnet-X,juno1qyx9s8senm423qvfwh90h9ucymf6mxm6egyrw4,
transfer,channel-27,transfer,channel-20,columbus-5,juno1k9f03275djwwhjrtg5a9vzdlx4qg4a3eanj3lt,1940328
transfer,channel-28,transfer,channel-11,chihuahua-1,juno1dvju5cfxdxuxxk9ygeqlgvvutvxd53pequ6sqk,10181
transfer,channel-29,transfer,channel-35,akashnet-2,juno1je5zsemauel5dqjwug9snfvkwr8hks9zmdth35,511638
transfer,channel-3,transfer,channel-129,sifchain-devnet-1,juno1krtrt5dvhnw5j46ljgah7q5f9pm3vvak43zd4l,
transfer,channel-30,transfer,channel-36,akashnet-2,juno12vssh8spx53qzg532xpj22sa7e85ts4xqt08uf,19998
transfer,channel-31,transfer,channel-8,gravity-bridge-3,juno1vn26uz7pxhz5aqd4s4q8kuar84ev9emhfes08c,124
transfer,channel-32,transfer,channel-7,stargaze-1,juno1y376tnlmyu23jaxdjj3xdpsf2crxfgpap48hv5,
transfer,channel-33,transfer,channel-37,core-1,juno1ukv0qhw3zszzyjty32cck2j229ekpmr6kkefmn,23590
transfer,channel-34,transfer,channel-8,stargaze-1,juno1am5evuwnxxx2g0h7cvw302e2xnr880kqh26jp2,15
transfer,channel-35,transfer,channel-10,stargaze-1,juno18hp3fwp29gqvl6a0uz034thj2nr25s3zmxj7yt,10000
transfer,channel-36,transfer,channel-18,comdex-1,juno1nf0nykcz465c97n6pdnsnsm0uu40nyzq5fdxyg,9993
transfer,channel-37,transfer,channel-2,dig-1,juno16x3gyxe9r068xgmak5t5zcls56ztu67pt9c8ap,
transfer,channel-38,transfer,channel-21,comdex-1,juno1a3lx753q8dzsu2hdxv6hzxrn0srdpaysuxu2n5,
transfer,channel-39,transfer,channel-19,comdex-1,juno13wzn2fc0an2yvw4gsycxpgaj2rugvraqpthsht,
transfer,channel-4,transfer,channel-36,sifchain-testnet-1,juno17sael2kcmm8npe2pmkxj3un90xfg60vvz88kyp,2610000
transfer,channel-40,transfer,channel-20,comdex-1,juno14ytc753q8lhj7qr9qxxfrpqyhexmd3hm44ha4l,
transfer,channel-41,transfer,channel-14,gravity-bridge-3,juno1mpz8zu684jk24f5dz7jqvtvfhgd4l977rvflfs,
transfer,channel-42,transfer,channel-14,stargaze-1,juno1uf085y7mpup6hl5cactwgnt5dfuysh5zyc87mx,200000
transfer,channel-48,transfer,channel-8,secret-4,juno19xpt04xkxxnlnxcze9cje78c2jsa2vkyq5jtte,73531322
transfer,channel-49,transfer,channel-9,bitcanna-1,juno1u929fykjps0qny9enq0rgdsavau7amszp0mp6k,
transfer,channel-5,transfer,channel-14,sifchain-1,juno16h2ynrzwhxgjnd0hswkvdvq9nav9kklq672s69,65325500815
transfer,channel-50,transfer,channel-10,bitcanna-1,juno1kr0zkc0zwdfmz4vnqqvg0h3tfva7yltvpvjkvs,1
transfer,channel-53,transfer,channel-86,laozi-mainnet,juno17emrn3k8zpnrh8duql6y9de8wc6gyhcrjmqscl,
transfer,channel-54,transfer,channel-3,cronosmainnet_25-1,juno1emsrn2pynkc7mpt5uma3jkptkpnzgz5gkg02fs,656368
transfer,channel-55,transfer,channel-3,fetchhub-3,juno1nzzhyh45xd76gupf9acqmzjswafhsdvdq0lv2k,
transfer,channel-56,transfer,channel-3,cronosmainnet_28-1,juno152gjrcj7maupp60q3x5sy9368dy40tjmkcpsyj,1
transfer,channel-57,transfer,channel-87,laozi-mainnet,juno1dzxv8v0h488e46jhdc3xy28kq3ag0k2w5qczq8,
transfer,channel-58,transfer,channel-8,kichain-2,juno1qnaxuxfwq06ggygcxeyh0dv3yzgzymxg82zycd,14959
transfer,channel-59,transfer,channel-78,injective-1,juno17sc4znp33g7gfev9krd2ac70dzyg5nseutgune,200040
transfer,channel-6,transfer,channel-34,regen-1,juno1a9gzwgqf8069v9j500paye5dm2p54tlxs644eh,
transfer,channel-60,transfer,channel-51,sentinelhub-2,juno1dw9sx07pgh7wj2tjpqg367k9l7pysku7zg3k0p,186921
transfer,channel-61,transfer,channel-52,sentinelhub-2,juno1jmcglw0kv9k2wyj4h52yg66qtn6r5sxyxer9va,3
transfer,channel-62,transfer,channel-2,umee-1,juno1pzfmutu359puk2sy096c9v76k3sr29vp7hyjqy,12
transfer,channel-63,transfer,channel-2,omniflixhub-1,juno1eguu0z4fzfkf7zcvdq7qw2mlnnvsnu2488ekh5,101
transfer,channel-68,transfer,channel-37,stargaze-1,juno1kujna0k7mrxyh6jrm3cqwv0l74dmldrhkumuth,
transfer,channel-69,transfer,channel-11,likecoin-mainnet-2,juno1qjp5mndargkj0nexrh2jgy6dx4jfdt3rufgpal,10000
transfer,channel-7,transfer,channel-3,columbus-5,juno1r726yra3euctv92qqfxh45xztewgp2qjzkcpse,
transfer,channel-70,transfer,channel-5,evmos_9001-1,juno1nqn324hn30vqw76ftm7qst63dlw2t55j48llzu,502010
transfer,channel-71,transfer,channel-4,axelar-dojo-1,juno19daktj4wktnnng3cgfg60ygsc2m5juldavll78,3000009
transfer,channel-72,transfer,,stargaze-1,juno1fra4qtdjw3rnjp8fen80ha988l59qpsl7360ge,
transfer,channel-73,transfer,channel-3,cerberus-chain-1,juno1qkugk3gqmsg98gx6ws9g3ql6pevzwetjrruvr9,1
transfer,channel-74,transfer,channel-13,omniflixhub-1,juno1vq5d4gdsdz26c9wd8f89jdnd34ydnlry35fvwd,330000
transfer,channel-75,transfer,channel-13,omniflixhub-1,juno1fv8af0ggq4fcr9flp0mau6350au22rj92mqdpf,
transfer,channel-76,transfer,channel-3,titan-1,juno1vctzhhyl54950zext7wtnr9yg20lp8czregg6h,
transfer,channel-77,transfer,channel-12,fetchhub-4,juno1ekssts46ylh5r26hah7cdmryp7xa5k0nfvk08r,
transfer,channel-78,transfer,channel-20,omniflixhub-1,juno1jghnsdy7cfe3ulpm3fs6elsf9sp0dp5vhlrf66,824061210
transfer,channel-79,transfer,channel-3,nyx,juno1tyynuguwmuc560cughc9965elwzpfmv2cpr5pt,
transfer,channel-8,transfer,channel-33,akashnet-2,juno187dz9zlxc3zrltzx5756tu7zew6yu3v0hrpzy2,
transfer,channel-80,transfer,channel-230,osmosis-1,juno1fn8u7vk0lf93zah22mux5ncartrcz64ms3nn98,
transfer,channel-81,transfer,channel-3,crescent-1,juno1jw6dhnkvrwh53wpj0a9eh0r5ljnxjereuzqhcl,100
transfer,channel-82,transfer,channel-4,darchub,juno1x5y6jtaprx53w68gc5cqg8ttekn4xupx9djufe,
transfer,channel-83,transfer,channel-2,mantle-1,juno1eywj3pv7cylrwd4cs6phctc049hf0xy7x2yrhh,100000
transfer,channel-85,transfer,channel-5,cerberus-chain-1,juno1crct0dge54h4f9dc6y7q6aa9732xxgya039utn,510000
transfer,channel-86,transfer,channel-2,phoenix-1,juno16r7am2cje5xfwtkzdtd5249txuc50jkvp7rx0n,887403
transfer,channel-9,transfer,channel-15,emoney-3,juno1wsxce0ls59rtj70fwcrxmtmmv32vpgmgm70ayq,100000
wasm.juno18dtz528nsjls4xlsf2p5t37udgzv7sgz4yumjyds743sd4f3tr5sg2nju4,channel-51,oracle,channel-5,band,juno1ptwwuxdzlzugm00hcumwzrhqtrga3zwz8hcc07,
wasm.juno1lfqqr07uw6k30axhkxg4lkmrat87hh972swakxz276n2leu9vqusw2ce5a,channel-84,transfer,channel-241,osmosis-1,juno1hewv42a829h6k8ndkfmjvjdt42cy909vxl9cfw,
wasm.juno1nkahswfr8shg8rlxqwup0vgahp0dk4x8w6tkv3rra8rratnut36sqj48re,channel-25,transfer,channel-133,osmosis-1,juno17s64svezp90a6mkfsld8hj7ul0std756e0v5m4,
wasm.juno1nkahswfr8shg8rlxqwup0vgahp0dk4x8w6tkv3rra8rratnut36sqj48re,channel-26,transfer,channel-134,osmosis-1,juno1wdqcahj46ya9nd7h5jcztc5xt5js5ptkzqv5xp,
wasm.juno1sfy9zzlfps8rhk53qdqu6a2x890y6v0qemxh3gktepca8hggu79qjfl7yh,channel-52,oracle,,band-laozi-testnet4,juno1erwrq45cynj8pujgw3u5hs5w90tn7t3xkqnvy2,
wasm.juno1v4887y83d6g28puzvt8cl0f3cdhd3y6y9mpysnsp3k8krdm7l6jqgm0rkn,channel-43,transfer,,osmosis-1,juno1pckeywn942r2wg5qj9tnwv8fc4yfxj63mk249f,
wasm.juno1v4887y83d6g28puzvt8cl0f3cdhd3y6y9mpysnsp3k8krdm7l6jqgm0rkn,channel-44,transfer,,osmosis-1,juno1ltcs2xj2ytke5rqyad34vefp6mz4elyqm4gjfh,
wasm.juno1v4887y83d6g28puzvt8cl0f3cdhd3y6y9mpysnsp3k8krdm7l6jqgm0rkn,channel-45,transfer,,osmosis-1,juno1fswls742scswvpty0jjyhrqp4q4xqr25nwdfq8,
wasm.juno1v4887y83d6g28puzvt8cl0f3cdhd3y6y9mpysnsp3k8krdm7l6jqgm0rkn,channel-46,transfer,,osmosis-1,juno1tuct597k66w49fslk862hexruexy94l5cuu0yh,
wasm.juno1v4887y83d6g28puzvt8cl0f3cdhd3y6y9mpysnsp3k8krdm7l6jqgm0rkn,channel-47,transfer,channel-169,osmosis-1,juno15r5wy0t0ecxwlarxrc8wln27jncnnpxftta5ft,
wasm.juno1v7xckedvp7fmalv00xs9kd2euuy527z6am6vfjp8svuznzv3wf8suwh7q7,channel-64,oracle,,laozi-mainnet,juno1p0r9jak0s4xhzwyf409llc3nfc4uxs2g9exs0n,
wasm.juno1v7xckedvp7fmalv00xs9kd2euuy527z6am6vfjp8svuznzv3wf8suwh7q7,channel-65,oracle,,laozi-mainnet,juno1jm8ggrvvl93hjjqvpuk88yu47y602zc4mc3fax,
wasm.juno1v7xckedvp7fmalv00xs9kd2euuy527z6am6vfjp8svuznzv3wf8suwh7q7,channel-66,oracle,,laozi-mainnet,juno1h7lwvzrrql9fs6mq0cyel6d4whhp29375pgxxl,
wasm.juno1v7xckedvp7fmalv00xs9kd2euuy527z6am6vfjp8svuznzv3wf8suwh7q7,channel-67,oracle,,laozi-mainnet,juno16dcuhhqd92t9yjcmwtv2m92gtnlvg3jn284l5c,
transfer,channel-0,transfer,channel-141,cosmoshub-4,osmo1a53udazy8ayufvy0s434pfwjcedzqv347h34au,168980981568
transfer,channel-1,transfer,channel-9,akashnet-2,osmo1kq2rzz6fq2q7fsu75a9g7cpzjeanmk68q7k0dx,17003865
transfer,channel-10,transfer,,crypto-org-chain-mainnet-1,osmo1fp9wuhq58pz53wxvv3tnrxkw8m8s6swp9wnyqs,
transfer,channel-100,transfer,channel-2,shentu-2.2,osmo156tq6xwlltpqnn0jez7jzcw4vjj6v9utfneym5,20
transfer,channel-101,transfer,channel-7,comdex-1,osmo1j3mmq2dsfws0pv5fut3ce2252w0ere8g8mr945,29998
transfer,channel-102,transfer,channel-20,emoney-3,osmo1xawrc0jf0qt249dlx4n3ckdgc942qzenqk7nd6,100020
transfer,channel-103,transfer,channel-10,hygieia-6,osmo1hnmuhjmwqcx8hh6f5v5etkpt9j6ct90x0lhxpu,
transfer,channel-104,transfer,channel-11,hygieia-6,osmo12rfkxpwpc4rx9edd4la6z8st4p4fm7fthyz42d,
transfer,channel-105,transfer,channel-12,hygieia-6,osmo1cxufxa3gryv5mqn306m9ycaj3jg7g9s9sl529v,
transfer,channel-106,transfer,channel-13,hygieia-6,osmo1l54dgtqa6460jx0hn3u94g36udyrvxtjg5g6q0,
transfer,channel-107,transfer,channel-28,sifchain-1,osmo1esncl89y44z3wdredvs5dj96hhmpyfy80q5uug,
transfer,channel-108,transfer,channel-0,cheqd-mainnet-1,osmo1z5nfj6hkfdmzmtyxwvdy8zdcmascwke5nsexpq,13046
transfer,channel-109,transfer,channel-5,injective-1,osmo137km8ma0zqgtfld3dy5pqhaggj7mg7njpjmpmr,2
transfer,channel-11,transfer,,sentinelhub-2,osmo1kx2k3mpugtwtajd4zsykx90cn8xawe54w08ayx,
transfer,channel-110,transfer,channel-11,comdex-1,osmo1fra99l4yk6fdy0ns2xd9k3dcr676vw9dztzhug,
transfer,channel-111,transfer,channel-12,comdex-1,osmo1ea9u0qzvtzfs2u66qztrfnmu45pg5q5k5x6edr,
transfer,channel-112,transfer,,lum-network-1,osmo1a4g45r4s4qpc7tqh6hdrl37zadp9y2f04t86l6,
transfer,channel-113,transfer,channel-7,chihuahua-1,osmo10zfpsus4h27eqgrjar7yj2mwer3q84zkwrks4r,7321718
transfer,channel-114,transfer,channel-2,lum-network-1,osmo1jf7gw9ca4wdzejeyflcflx0sgrk04rva6m65u4,
transfer,channel-115,transfer,channel-3,lum-network-1,osmo1wmrdxnnc939rk9lxj9ppllgzfl2u7tj7s9m35l,510172
transfer,channel-116,transfer,channel-2,pio-mainnet-1,osmo1taa8tfzqtykdgse4ct5ln37p4zjr8gwy80r96f,
transfer,channel-117,transfer,channel-3,pio-mainnet-1,osmo1pqfg6dxled596k4k9g0vmn76q4p2cuvfv0vu0j,
transfer,channel-118,transfer,channel-6,injective-1,osmo1swnqgndya85sxp739f8pfqndp6hj6maj03st4u,4
transfer,channel-119,transfer,channel-0,capricorn-1,osmo17q5av7jldcecm5ta73k8nympx6gru3zh8dhfgk,
transfer,channel-12,transfer,channel-1,sentinelhub-2,osmo1004rr9e45qpm2ylvxymphm8sryvxq3a2kqz2xj,
transfer,channel-120,transfer,channel-8,arkh,osmo1ekte4vu7g6hn5tvaf68yvxuqlagxjde7hln8hp,
transfer,channel-121,transfer,channel-0,bigbang-test-2,osmo1rj3jzhns793s9r4xggyerfqca5zaavmd3lkkzs,
transfer,channel-122,transfer,channel-8,injective-1,osmo1yngyqraflvkw78aw3alxnx83ns0wsavgc9yxgv,478684458
transfer,channel-123,transfer,channel-11,sifchain-testnet-1,osmo1nd0rqaxs6qwh860a6xm2e7v68jzgz39s9auhnr,
transfer,channel-124,transfer,channel-0,vidulum-1,osmo1hvqewh6lm54daqdn928y6px2amm3d5p72laykj,33
transfer,channel-125,transfer,channel-4,pio-mainnet-1,osmo1zv2kd8the2435wu09js34rjkp9atzmnkktxvuq,
transfer,channel-126,transfer,channel-5,pio-mainnet-1,osmo1w8ent9jwwqy2d5s8grq6muk2hqa6kj28crl9lz,
transfer,channel-127,transfer,channel-14,hygieia-6,osmo1z3px6fxwr8r7t4hgu74vjcm4q27huphmc7h37m,
transfer,channel-128,transfer,channel-1,dig-1,osmo1nu9xjt8y55dh6ueqdetfxfh8njrjpmtjfdwmek,
transfer,channel-129,transfer,channel-2,gravity-bridge-2,osmo1j8rrc5epz0wppvl7jpy9p7q0u4ky9dceg9gfkq,
transfer,channel-13,transfer,channel-13,crypto-org-chain-mainnet-1,osmo1nmmg4nyv39ufgjfn029qjeeut8tvvxg5yq4vy9,
transfer,channel-130,transfer,channel-3,gravity-bridge-2,osmo1r4edsha0cd9dcuwl67vhana3jkxyfdpr8tvkt8,
transfer,channel-131,transfer,channel-3,gravity-bridge-2,osmo1rqy6dw8k5q3m25napnc2qzlus35krckps0ysa9,
transfer,channel-132,transfer,channel-3,gravity-bridge-2,osmo17nrp0hwgtjfh8ucs695gxxp7jv0asyu6uqte8n,
transfer,channel-133,wasm.juno1nkahswfr8shg8rlxqwup0vgahp0dk4x8w6tkv3rra8rratnut36sqj48re,channel-25,juno-1,osmo1y48w7f9g9876a6s65r3v99q89ksmsh2vaazcgw,
transfer,channel-134,wasm.juno1nkahswfr8shg8rlxqwup0vgahp0dk4x8w6tkv3rra8rratnut36sqj48re,channel-26,juno-1,osmo1v4qzm9h50dyfk5lm0tyjz62qyvs3mrcjr8f3dj,
transfer,channel-135,transfer,channel-2,desmos-mainnet,osmo1ya79tgmkgevampdn432zuwye88v05wkl0jfttg,153000
transfer,channel-136,transfer,channel-8,sifchain-testnet-1,osmo15srw5yjv53fp42aghxt50k78lfndccu800t0zk,
transfer,channel-137,transfer,channel-271,,osmo1ygckl664egn34wr50j5v27dpj850hhwt36vatv,
transfer,channel-138,transfer,channel-274,cosmoshub-4,osmo1cklm6dh7d6vcgkgpzuahhn3t7chy9llq24m6hq,
transfer,channel-139,transfer,channel-275,cosmoshub-4,osmo1dysq6trfpsz0330ac8sq99vzwkmf9vvxatmtkl,
transfer,channel-14,transfer,,akashnet-2,osmo13wcjkgl60r8fv5s9r6yq8m33vshnkndk8gvzpy,
transfer,channel-140,transfer,channel-276,cosmoshub-4,osmo1w35mc4lh9m0ez3ppcwdxs32gmq7drxayptxsf7,
transfer,channel-141,transfer,channel-10,chihuahua-1,osmo1x54ltnyg88k0ejmk8ytwrhd3ltm84xehtgvqfm,
transfer,channel-142,transfer,channel-1,odin-mainnet-freya,osmo1w22m27s66sal35luf2f6jt9ups4kj7q7clj0av,
transfer,channel-143,transfer,channel-1,kava_2222-10,osmo1e7wq2m6tvfvzp09f0yt5g8xvpkv5gmv5xzxs0w,147257900720
transfer,channel-144,transfer,channel-10,gravity-bridge-3,osmo1p9a0t4w5dpv94phumjfks5su2jwdlg59t6tnc0,349690205
transfer,channel-145,transfer,channel-7,shentu-2.2,osmo1wvsevf5fat39tylc4e85eh5ha06tzumupgjaz6,
transfer,channel-146,transfer,channel-8,shentu-2.2,osmo1hru4a5w0c29wr36l2dgaymqqd4h0vju9shf9s0,1600089
transfer,channel-147,transfer,,carbon-1,osmo1r0l0augkcfj7lzmxen08jcp7y0nem7c5t4he45,
transfer,channel-148,transfer,channel-83,laozi-mainnet,osmo1lzh48w3wyj23zcjxtjhaw25xlcafcecljrz4zr,2504
transfer,channel-149,transfer,channel-278,cosmoshub-4,osmo1plk6au939l5zk6zu0cz0s2e5v8sw94tsjecd2x,
transfer,channel-15,transfer,channel-2,iov-mainnet-ibc,osmo186mpcj53q3hgfnzdu9wkteczs236vdclxrvzm2,388290
transfer,channel-150,transfer,channel-278,cosmoshub-4,osmo1s2uker5zq8d3ttxk35ze68fa4qn2xn66jewh6r,
transfer,channel-151,transfer,channel-278,cosmoshub-4,osmo1v09crew3znwjjyff6d35c9rsmz4d49u997au2m,
transfer,channel-152,transfer,channel-278,cosmoshub-4,osmo19grztmrfep4slux2jgfymc48demtn6qxzzwday,
transfer,channel-153,transfer,channel-278,cosmoshub-4,osmo1azrr9sqwpsekcsgp2ql9q5acns25jmgnsym52t,
transfer,channel-154,transfer,channel-278,cosmoshub-4,osmo1e208ua3rjzua3hxzkfefz9nl3sz42lt0cc4u6u,
transfer,channel-155,transfer,channel-278,cosmoshub-4,osmo14nskpww3yjf0sw3qvgmkrwjlv3mw3hm9yg86hq,
transfer,channel-156,transfer,channel-278,cosmoshub-4,osmo1nw56y3789stusz79kf30gkqlqz2zlza874k2jn,
transfer,channel-157,transfer,channel-278,cosmoshub-4,osmo1vyeqm7vt7enxhwujhf9xunylmkucwuzrem4vjs,
transfer,channel-158,transfer,channel-278,cosmoshub-4,osmo1e3egq0nnze4gwrnuyh6mgcv4mrq9p5y3qjha7c,
transfer,channel-159,transfer,channel-278,cosmoshub-4,osmo1f4awtvg5skm2ccmu7djrz69yh9s33807xn5dnv,
transfer,channel-16,transfer,channel-0,dig-testnet-1,osmo1v0zuhlzznmz8r5csel3dtrm0pst0dmet99rzws,
transfer,channel-160,transfer,channel-278,cosmoshub-4,osmo1dlpmfja5mes6rwxh7epdm3a0p495dtucnv8lfj,
transfer,channel-161,transfer,channel-278,cosmoshub-4,osmo18keznf5ktw22g30zg4hjwgvpmz8d2lnf9lr44l,
transfer,channel-162,transfer,channel-278,cosmoshub-4,osmo1k3ckf27ywujsepgzjxjl4upgv49nn0c9mxgyav,
transfer,channel-163,transfer,channel-278,cosmoshub-4,osmo1qhchnslw578wqdz6t97vpgj492efe67973x9h9,
transfer,channel-164,transfer,channel-278,cosmoshub-4,osmo13awvsnlmtnzyhy62s02ghc58axcdglmhsdepej,
transfer,channel-165,transfer,channel-0,sommelier-3,osmo15tqk34fkuhzyhsfmwftrcuw5hahec8wwc5phcf,1201000
transfer,channel-166,transfer,channel-280,cosmoshub-4,osmo1ecjavtxxn78kfgypf2wpc5enp4rpcp6gqh3teu,
transfer,channel-167,wasm.juno1v4887y83d6g28puzvt8cl0f3cdhd3y6y9mpysnsp3k8krdm7l6jqgm0rkn,channel-44,juno-1,osmo1g0uzj65vs8mv4w8te9ls0c5nmvmxyqr6qg50zs,
transfer,channel-168,wasm.juno1v4887y83d6g28puzvt8cl0f3cdhd3y6y9mpysnsp3k8krdm7l6jqgm0rkn,channel-43,juno-1,osmo1v3vl6shzsazlpqzrxrqc2smc9pcsxqhz7jm5fx,
transfer,channel-169,wasm.juno1v4887y83d6g28puzvt8cl0f3cdhd3y6y9mpysnsp3k8krdm7l6jqgm0rkn,channel-47,juno-1,osmo19yn5n9tmx7wd2jupnh89ke5cuuv362ldt7r78q,
transfer,channel-17,transfer,channel-14,irishub-1,osmo17nsujlwvwf4xrgawwgxqphdak2anflw5eh5lkw,
transfer,channel-170,transfer,channel-1,bigbang-test-3,osmo1p7d6djgu0xra8660pedyuwfj2j5fkk28vwl2nk,1
transfer,channel-171,transfer,channel-0,darchub,osmo16dnxrywtunvc4u2qnuyqescyyrpnpzgdv9mhd4,1416108
transfer,channel-172,transfer,channel-20,gravity-bridge-3,osmo13ld5zp5060gjzcxhl9n2sj469f2pwj8cxjdd2e,
transfer,channel-173,transfer,channel-20,gravity-bridge-3,osmo1ac6fwrzyz9den7z47rylj74cpmpzreywd0ph85,
transfer,channel-174,transfer,channel-20,gravity-bridge-3,osmo1yrstrqnw4cg8wr8a3lq7jyce25zdzk35x8wcql,
transfer,channel-175,transfer,channel-0,fetchhub-3,osmo1e4quceq0nhvfalpkct2yecpu56ss3erlt6pucq,50102
transfer,channel-176,transfer,channel-1,fetchhub-3,osmo1he42skr27f92fdsptyyl0efwk6tmsrr9gdtnx4,
transfer,channel-177,transfer,,mainnet-3,osmo16y09wstcfajvnspua3xtpmxjg7cfj6avyjzaj9,
transfer,channel-178,transfer,channel-20,stargaze-1,osmo1mpq09l2g798hksspyjqd3pget3ks4s3hfck9vv,
transfer,channel-179,transfer,channel-22,stargaze-1,osmo1hv3la038tpa075ftfp5uluejxxlwz9yqx04dep,
transfer,channel-18,transfer,channel-19,akashnet-2,osmo1gw2v3j8jxpmnq73rmu3vjz5egle5eep4x5229q,
transfer,channel-180,transfer,channel-23,stargaze-1,osmo1v4wl0t9aaeyy4a5r9f7aer9rhkmm9vtcwu4jgd,
transfer,channel-181,transfer,channel-1,mainnet-3,osmo1gwrh50zkqmdr0dywlsvjmu0pzwx3edr7kalpd9,
transfer,channel-182,transfer,channel-24,stargaze-1,osmo152jwu84jeupz2m3mpw42acd8g0haewg627plpv,297
transfer,channel-183,transfer,channel-4,desmos-mainnet,osmo1d74yhy3wzghchvda8vm7zljcylv3gkwmkl9upt,3000
transfer,channel-184,transfer,channel-0,umee-1,osmo1hu6afq5jvvuks42e8z7zxr2vce0petra04du40,391167
transfer,channel-185,transfer,channel-0,test,osmo1ly0tr7k264k3ppkjlwzqysmrxp0f3w5xecxupx,1
transfer,channel-186,transfer,,carbon-1,osmo1qrfgnnm4dzlv6gwqjfu3dgnhju3th68elvj0vz,
transfer,channel-187,transfer,,carbon-1,osmo177x69sver58mcfs74x6dg0tv6ls4s3xmnrw7zr,
transfer,channel-188,transfer,channel-0,carbon-1,osmo1v9njymsdu8gdqp4malxvztx9583jqgd72e24hx,9312817053
transfer,channel-189,transfer,channel-1,carbon-1,osmo1u0l0dzgzcmg0w68jqc69yj0wc7h2wukh48rt47,
transfer,channel-19,transfer,channel-13,regen-1,osmo1jkk2zscerfugj0sjlzgx0xnk2zq6nnqkp2kyx3,
transfer,channel-190,transfer,,stargaze-1,osmo1yczlnxhwr39cehma6qh4ldndk9puc8pnlj7tj9,
transfer,channel-191,transfer,channel-25,stargaze-1,osmo1d9s0u8ah089556q67zfzrnlnass7vrtqh86tkw,
transfer,channel-192,transfer,channel-26,stargaze-1,osmo12cegj7aqwwhzztl78z4ufe3hs4j6x3g2w4vnxq,
transfer,channel-193,transfer,,stargaze-1,osmo1k95sgk72g27a38k0h0edtcx8g8k4pxqx24xlec,
transfer,channel-194,transfer,channel-27,stargaze-1,osmo1n3zw26mcl9r8tvx2vndqp3qxsqfawhxk5c4g3c,
transfer,channel-195,transfer,channel-28,stargaze-1,osmo1964p9zv27nddv7tscn34zlvhdn4gvlzky9k4pv,
transfer,channel-196,transfer,channel-29,stargaze-1,osmo1ml3u928ustpmft4gkcnzfpjtkt0azr5caq7y6w,
transfer,channel-197,transfer,channel-30,stargaze-1,osmo10ck4wejtl67xpuajzwzykn8csjj6ufnw036a98,
transfer,channel-198,transfer,channel-1,axelar-testnet-lisbon-3,osmo1jskum3rasgvdx6w3j8aqxnqa3py5644ffrgswc,
transfer,channel-199,transfer,channel-1,omniflixhub-1,osmo1h9v50dfpdgmcsge9mfyvqve7t4mmrpm0cthhpy,1784060230
transfer,channel-2,transfer,channel-0,sentinelhub-2,osmo12k2pyuylm9t7ugdvz67h9pg4gmmvhn5vhakz8x,782457
transfer,channel-20,transfer,channel-14,sentinelhub-2,osmo1cyuncdl3tjth4ycsvat0xrpsmjvhvfwxk4knhe,
transfer,channel-200,transfer,channel-0,Oraichain,osmo10lr5hccgj7p382kk7v7csl2usd6kf9290mchdn,1
transfer,channel-201,transfer,channel-2,Oraichain,osmo145trdcmgsj5zkl0k3zuztx882ez4uu3ejye476,
transfer,channel-202,transfer,channel-3,Oraichain-testnet,osmo12m5l4l7ppz0r29mzuyn7fx3m85xhpp2asymve3,1
transfer,channel-203,transfer,channel-270,cosmoshub-4,osmo1mrsf8s6augjp9vxdawzt50z45m0yqepcjdrm6s,
transfer,channel-204,transfer,channel-0,evmos_9001-2,osmo125dgaejga0q9wc6jcpf75lh6aeeyvrdz88xvzd,5432191353
transfer,channel-205,transfer,channel-4,Oraichain,osmo1ngq9k9n468xsffyl7fgpz9yd7gvhad0etx39c0,
transfer,channel-206,transfer,channel-5,Oraichain,osmo1mwdhsjrl9aywsktjngltxpa30le8e3rc4jr9lz,
transfer,channel-207,transfer,channel-5,Oraichain,osmo1ju6tlfclulxumtt2kglvnxduj5d93a64t0tj7t,
transfer,channel-208,transfer,channel-3,axelar-dojo-1,osmo1fvn6204xqgqknqepc2ent640gdyegumr2udqjz,1824168
transfer,channel-209,transfer,channel-28,columbus-5,osmo1r4qx93x86tx9neqhz89scxdjq84dxnwchg86rx,
transfer,channel-21,transfer,channel-14,sentinelhub-2,osmo16knm868dfqlvxhpdsv5w6n2an6rgsn3sh6e438,
transfer,channel-210,transfer,channel-294,cosmoshub-4,osmo15zn6y6zwjjl9t09vdwm405yzp2sym0st2rfem4,7
transfer,channel-211,transfer,channel-0,dorado-1,osmo1x2xntv5cramq2jyq8a44ret08ca5xfrttawct0,
transfer,channel-212,transfer,channel-1,cerberus-chain-1,osmo1j8n9c5m0xsrnurwp92p54afychax3jcza87jgg,1574560
transfer,channel-213,transfer,channel-7,kava-9,osmo1wxlg7n90qx695pfqyy84g0drhp2285690gwhvn,20000
transfer,channel-214,transfer,channel-12,Oraichain,osmo16d2zgx2ymnxfs98gyeycy4yf59uuzhk79zlufn,577100010
transfer,channel-215,transfer,channel-12,Oraichain,osmo1y0xxyhju3trj9nkcgruy6ts9k6syfl0tqxmjga,
transfer,channel-216,transfer,channel-13,Oraichain,osmo1tyyqxhlgtk9acc44kxyhktszdpjvu3vjz8x2hc,645808600
transfer,channel-217,transfer,channel-13,Oraichain,osmo1djdemnqqq8gj8uy3yu7vehkhzp2mtwa42uyly7,
transfer,channel-218,transfer,channel-309,cosmoshub-4,osmo1clqx8vsulh5g8txkusrftmc38zzvdvrh2j3tlj,
transfer,channel-219,transfer,channel-12,kichain-2,osmo1j60tpf482emcwwslejdn94u9wvpac6jecsa7k3,
transfer,channel-22,transfer,channel-28,crypto-org-chain-mainnet-1,osmo1gegr4h2jcu9rzcmm3jp7plvv2wjcsuard2g5h8,100000
transfer,channel-220,transfer,channel-44,columbus-5,osmo138788g8nr0u2tyjzlrf39xzuhvqz4vh3ta4x5w,6250
transfer,channel-221,transfer,channel-1,titan-1,osmo1jg283gsg5la9cjn7rfg9qh8xw54ajm99d0mjkz,1310000
transfer,channel-222,transfer,channel-7,pio-mainnet-1,osmo16cseqt7mf2agf7rjj00f2ns55tz6gh7a5avhtx,
transfer,channel-223,transfer,channel-46,columbus-5,osmo16eh5j2esxupmd7zgg6efm77gu3l0e78trr8xul,
transfer,channel-224,transfer,channel-47,columbus-5,osmo1agun9r0c2mq56chs0wlx3394yd20dfznahrl77,1000
transfer,channel-225,transfer,channel-8,kava-9,osmo1mfqnlqz5hh7wzy2lcfmw82s5aqtx2l9e8zqs53,
transfer,channel-226,transfer,channel-12,shentu-2.2,osmo1j2yzekryhclpsnayuenkq5x7cjq9w84k427q36,
transfer,channel-227,transfer,channel-13,shentu-2.2,osmo1ldszdg9dxm75v5wzhv4ktura2llufrzdrp5y3j,
transfer,channel-228,transfer,channel-1,nyx,osmo10y9z3lhsyv0jassgfhga2cfpsl3hplr277fgma,228
transfer,channel-229,transfer,channel-10,fetchhub-4,osmo1gnlwjd2ggncsz582nmw6u2uwxp4p99nml56sgl,2080
transfer,channel-23,transfer,channel-189,cosmoshub-4,osmo15npgw5savx3d4af8wh32c6xs2qkwhzqgdf24hk,100000
transfer,channel-230,transfer,channel-80,juno-1,osmo1p70ev056w76msk593knr2g3kw50v2rj97n6hd4,
transfer,channel-231,transfer,channel-16,kichain-2,osmo18ajmkerr0zdscusdvqxj3kgzg9xch57qky3wze,
transfer,channel-232,transfer,channel-0,mantle-1,osmo1vnjmdj3n2htq0s8uvqg8gdx2dwzdpzqj9c594n,1129192
transfer,channel-233,wasm.juno1v4887y83d6g28puzvt8cl0f3cdhd3y6y9mpysnsp3k8krdm7l6jqgm0rkn,channel-46,juno-1,osmo14vgex8csswsz7e7jm2prszsqaz9f4kf3ezr6uw,
transfer,channel-234,wasm.juno1v4887y83d6g28puzvt8cl0f3cdhd3y6y9mpysnsp3k8krdm7l6jqgm0rkn,channel-45,juno-1,osmo1r389equw699lmffkr52z8syn3em366zd2vdz5w,
transfer,channel-235,transfer,channel-0,genesis_29-2,osmo1tssxslxqr92zg2grk95d86vq30raru6phu4hhp,
transfer,channel-236,transfer,channel-0,galaxy-1,osmo1g0spvnclwr67xencfdl0qtmehssfqvg2tdm75d,1088
transfer,channel-237,transfer,,meme-1,osmo1kfp2h8ten05yjs4s6ypz7gxeps0pv749yxxrpf,
transfer,channel-238,transfer,channel-1,meme-1,osmo1mhnqcjrglzqzjqz9ars0na8ftv0e36luclg0ww,
transfer,channel-239,transfer,channel-331,cosmoshub-4,osmo1z3xg40erv0rgt6y3u39sr74zw7jzdc8hhwfgr9,
transfer,channel-24,transfer,channel-25,core-1,osmo1qyx9s8senm423qvfwh90h9ucymf6mxm68p5glm,
transfer,channel-240,transfer,channel-334,cosmoshub-4,osmo1dh7mfstecs6w9vm3uasyea60qn3fzsdptzczp6,
transfer,channel-241,wasm.juno1lfqqr07uw6k30axhkxg4lkmrat87hh972swakxz276n2leu9vqusw2ce5a,channel-84,juno-1,osmo1f9cae0zhtjm4ul2uhq60vs8ulm9am4w4y0s7ra,
transfer,channel-242,transfer,channel-337,cosmoshub-4,osmo1hh23dnkzpjuyn56jyx29mgp9ttfe5dyqlkkcxd,
transfer,channel-243,transfer,channel-338,cosmoshub-4,osmo1ukxl9d953s6mvez7xj2uhl5kj23w9g49c54sqs,
transfer,channel-244,transfer,channel-338,cosmoshub-4,osmo1ky0kaufkyxw0hqmkyk6pjhureanjekrv0xk98a,
transfer,channel-245,transfer,channel-338,cosmoshub-4,osmo1nl62ptz5ngjtvrs2992c7xflhe26jfmfuhkg3t,200000
transfer,channel-246,transfer,channel-2,echelon_3000-3,osmo1qs3uhs54ldlwgpjd3388gnnq3hcy6n5jurvajk,
transfer,channel-247,transfer,channel-3,echelon_3000-3,osmo1gct0u5acpcl9p9r05nycwphq67kt47ds22z3md,
transfer,channel-248,transfer,channel-4,echelon_3000-3,osmo1ucw7j66xt0re0lrt7fc66g6v20cmctac6xjwq3,
transfer,channel-249,transfer,channel-5,echelon_3000-3,osmo1dw7znag6x0xtga7rs5nv9atanyttvwvsjzk5nz,
transfer,channel-25,transfer,channel-0,microtick-1,osmo1ea33k3cme8rryha8gjjxfjgv2wja078vtvw7yn,1005000
transfer,channel-250,transfer,channel-6,echelon_3000-3,osmo1adkdnrt6eac3m3nu6m8c6w7lxer9yg8445ndmg,2
transfer,channel-251,transfer,channel-1,phoenix-1,osmo1djycqvy92et4gfpz33fdlgy8j67tfkae4jvq30,61917237
transfer,channel-252,transfer,channel-2,meme-1,osmo188rpeqp5kwyz7haxfrkrqk70ymk4xrwdrxsuqe,1000000
transfer,channel-253,transfer,channel-1,genesis_29-2,osmo1ukqrsaenwwxaym6vhyy2u8kel2gcqgphxzt9e5,27238502
transfer,channel-254,transfer,channel-2,odin-mainnet-freya,osmo165tjgzzc2amlasq55ze88f9t23pc9cp4wqs95v,
transfer,channel-255,transfer,channel-14,shentu-2.2,osmo1dcd5ctamvnk7l79gpslzk5w6fs7tvwzycdmtyr,
transfer,channel-256,transfer,channel-5,dorado-1,osmo1grl075rtpkx7gfqwcgauycsmx8ryddu3wt7ltr,
transfer,channel-257,transfer,channel-0,imversed_5555555-1,osmo1ahwuug2zl9hxzykdxac8qwdmlhjahxmm5w7z9c,
transfer,channel-258,transfer,channel-3,odin-mainnet-freya,osmo1ggfgtzhwaz5f766v08567cwscvxla05vqysyyj,
transfer,channel-26,transfer,channel-1,microtick-1,osmo1r7vexk557vtpvztyawa6h8y96ly8reaksqwkag,
transfer,channel-27,transfer,channel-2,microtick-1,osmo1k9f03275djwwhjrtg5a9vzdlx4qg4a3er6z6w9,300000
transfer,channel-28,transfer,channel-3,microtick-1,osmo1dvju5cfxdxuxxk9ygeqlgvvutvxd53pe742m3c,1394766
transfer,channel-29,transfer,channel-193,cosmoshub-4,osmo1je5zsemauel5dqjwug9snfvkwr8hks9z9ymuq6,200000
transfer,channel-3,transfer,channel-6,core-1,osmo1krtrt5dvhnw5j46ljgah7q5f9pm3vvaktcjxy3,
transfer,channel-30,transfer,channel-188,cosmoshub-4,osmo12vssh8spx53qzg532xpj22sa7e85ts4x7zlvd8,
transfer,channel-31,transfer,channel-8,akashnet-2,osmo1vn26uz7pxhz5aqd4s4q8kuar84ev9emhhsqykk,
transfer,channel-32,transfer,channel-21,sifchain-testnet-1,osmo1y376tnlmyu23jaxdjj3xdpsf2crxfgpaluhua6,3102500
transfer,channel-33,transfer,channel-26,akashnet-2,osmo1ukv0qhw3zszzyjty32cck2j229ekpmr6glfz2a,
transfer,channel-34,transfer,channel-122,sifchain-devnet-1,osmo1am5evuwnxxx2g0h7cvw302e2xnr880kqfr2esy,2006200
transfer,channel-35,transfer,channel-12,,osmo18hp3fwp29gqvl6a0uz034thj2nr25s3z90z449,100000
transfer,channel-36,transfer,channel-9,microtick-1,osmo1nf0nykcz465c97n6pdnsnsm0uu40nyzq2qad4x,
transfer,channel-37,transfer,channel-0,emoney-3,osmo16x3gyxe9r068xgmak5t5zcls56ztu67p4vgvv0,7322429
transfer,channel-38,transfer,channel-4,impacthub-3,osmo1a3lx753q8dzsu2hdxv6hzxrn0srdpaysz0vpz6,
transfer,channel-39,transfer,channel-16,microtick-1,osmo13wzn2fc0an2yvw4gsycxpgaj2rugvraqlz8mx9,12503
transfer,channel-4,transfer,channel-6,core-1,osmo17sael2kcmm8npe2pmkxj3un90xfg60vvuwha40,65893313
transfer,channel-40,transfer,channel-32,sifchain-testnet-1,osmo14ytc753q8lhj7qr9qxxfrpqyhexmd3hmtu8ky3,
transfer,channel-41,transfer,channel-0,bitcanna-1,osmo1mpz8zu684jk24f5dz7jqvtvfhgd4l977a9e5c7,840
transfer,channel-42,transfer,channel-0,juno-1,osmo1uf085y7mpup6hl5cactwgnt5dfuysh5z63h42g,526526290745
transfer,channel-43,transfer,channel-7,emoney-3,osmo1a6qn3k8t7776eed2xmjc99fx89exhvf28x0zpv,
transfer,channel-44,transfer,channel-7,emoney-3,osmo1hcea3h0ykw4jqyjhj3tnydsk22s06adha48kmp,
transfer,channel-45,transfer,channel-1,testing,osmo1nk4fj353647jkdc6lawsm8ddc5sjvzfkfq80gt,
transfer,channel-46,transfer,,sifchain-1,osmo1lkt52d0r0eyys0frw8ccu3f80x6vpkd6magn4q,
transfer,channel-47,transfer,channel-17,sifchain-1,osmo13wq8cfjdshlj0ju3tqac75lp9paymcqle53k7s,26160812601
transfer,channel-48,transfer,channel-2,bombay-12,osmo19xpt04xkxxnlnxcze9cje78c2jsa2vky7azq6h,
transfer,channel-49,transfer,channel-40,sifchain-testnet-1,osmo1u929fykjps0qny9enq0rgdsavau7amszlxt2tc,
transfer,channel-5,transfer,channel-10,crypto-org-chain-mainnet-1,osmo16h2ynrzwhxgjnd0hswkvdvq9nav9kklqyh6mtt,10604822
transfer,channel-50,transfer,channel-40,sifchain-testnet-1,osmo1kr0zkc0zwdfmz4vnqqvg0h3tfva7yltvl9zaa7,3125000
transfer,channel-51,transfer,channel-1,bitcanna-1,osmo19g3j63gysl7ntknvzlrdvfq4fqa9sp07zvx4pu,1010867
transfer,channel-52,transfer,channel-0,gyuguen-1,osmo1a262pqw4fdex4ky0mcmlfme5a6vyds93hnkd3g,
transfer,channel-53,transfer,channel-3,likecoin-mainnet-2,osmo17emrn3k8zpnrh8duql6y9de8wc6gyhcrvjsmf3,1450000
transfer,channel-54,transfer,channel-0,devnet-2,osmo1emsrn2pynkc7mpt5uma3jkptkpnzgz5ggplpc7,
transfer,channel-55,transfer,channel-1,devnet-2,osmo1nzzhyh45xd76gupf9acqmzjswafhsdvd7x08mc,
transfer,channel-56,transfer,channel-2,devnet-2,osmo152gjrcj7maupp60q3x5sy9368dy40tjmg33m4u,
transfer,channel-57,transfer,channel-1,likecoin-mainnet-2,osmo1dzxv8v0h488e46jhdc3xy28kq3ag0k2w2fgf3f,
transfer,channel-58,transfer,channel-2,likecoin-mainnet-2,osmo1qnaxuxfwq06ggygcxeyh0dv3yzgzymxgerj0fr,
transfer,channel-59,transfer,channel-0,likecoin-mainnet-2,osmo17sc4znp33g7gfev9krd2ac70dzyg5nsezzchzh,
transfer,channel-6,transfer,channel-3,irishub-1,osmo1a9gzwgqf8069v9j500paye5dm2p54tlxwn97ge,18376271
transfer,channel-60,transfer,channel-0,hygieia-6,osmo1dw9sx07pgh7wj2tjpqg367k9l7pysku7uppa70,
transfer,channel-61,transfer,channel-213,cosmoshub-4,osmo1jmcglw0kv9k2wyj4h52yg66qtn6r5sxycsnwan,10000
transfer,channel-62,transfer,channel-214,cosmoshub-4,osmo1pzfmutu359puk2sy096c9v76k3sr29vpq75e32,
transfer,channel-63,transfer,channel-215,cosmoshub-4,osmo1eguu0z4fzfkf7zcvdq7qw2mlnnvsnu24ewfax6,100000
transfer,channel-64,transfer,channel-216,cosmoshub-4,osmo12msv4pgnpum3tjtgzms0v0kzr7g3yq58z8ju7h,
transfer,channel-65,transfer,channel-1,hygieia-6,osmo1zl0hq5vcysct05nytm7ptfsd6uyewf0w8rstej,
transfer,channel-66,transfer,channel-20,bombay-12,osmo1wdpkmwzpfdldef4py77agvyv3jz0da2706aq2u,
transfer,channel-67,transfer,channel-20,bombay-12,osmo1yy0yvsehqw8f3ue9flnn2m40qx3y7efd5lq4ku,
transfer,channel-68,transfer,channel-20,bombay-12,osmo1kujna0k7mrxyh6jrm3cqwv0l74dmldrhg4th6e,
transfer,channel-69,transfer,channel-20,bombay-12,osmo1qjp5mndargkj0nexrh2jgy6dx4jfdt3rzqc2v3,
transfer,channel-7,transfer,channel-1,regen-1,osmo1r726yra3euctv92qqfxh45xztewgp2qjulg2ph,436338
transfer,channel-70,transfer,channel-20,bombay-12,osmo1nqn324hn30vqw76ftm7qst63dlw2t55jtw05nj,
transfer,channel-71,transfer,channel-0,craft,osmo19daktj4wktnnng3cgfg60ygsc2m5juldr9050f,
transfer,channel-72,transfer,channel-1,columbus-5,osmo1fra4qtdjw3rnjp8fen80ha988l59qpslqc2yeh,5904919366
transfer,channel-73,transfer,channel-0,bitsong-2b,osmo1qkugk3gqmsg98gx6ws9g3ql6pevzwetja2v8jt,1574594
transfer,channel-74,transfer,channel-0,panacea-3,osmo1vq5d4gdsdz26c9wd8f89jdnd34ydnlry0ae8lr,
transfer,channel-75,transfer,channel-0,stargaze-1,osmo1fv8af0ggq4fcr9flp0mau6350au22rj95jsxs8,246806249275
transfer,channel-76,transfer,channel-222,cosmoshub-4,osmo1vctzhhyl54950zext7wtnr9yg20lp8czascrte,
transfer,channel-77,transfer,channel-0,kichain-2,osmo1ekssts46ylh5r26hah7cdmryp7xa5k0nh9xykd,1676023
transfer,channel-78,transfer,channel-0,bostrom,osmo1jghnsdy7cfe3ulpm3fs6elsf9sp0dp5vfknzt5,
transfer,channel-79,transfer,channel-0,bostrom,osmo1tyynuguwmuc560cughc9965elwzpfmv2xgnls9,
transfer,channel-8,transfer,channel-1,regen-1,osmo187dz9zlxc3zrltzx5756tu7zew6yu3v0f23f4y,6600351334
transfer,channel-80,transfer,channel-6,laozi-mainnet,osmo1fn8u7vk0lf93zah22mux5ncartrcz64mwcrc5f,
transfer,channel-81,transfer,channel-6,laozi-mainnet,osmo1jw6dhnkvrwh53wpj0a9eh0r5ljnxjereztsuf3,840
transfer,channel-82,transfer,channel-1,panacea-3,osmo1x5y6jtaprx53w68gc5cqg8ttekn4xupxmyzhch,200000
transfer,channel-83,transfer,channel-0,testing,osmo1eywj3pv7cylrwd4cs6phctc049hf0xy7cr5gxe,
transfer,channel-84,transfer,channel-1,testing,osmo1wvrc02967ssgrne2s33e5w3e49tnwfc6s4p0dt,
transfer,channel-85,transfer,channel-3,devnet-2,osmo1crct0dge54h4f9dc6y7q6aa9732xxgya3c4h6a,
transfer,channel-86,transfer,channel-1,comdex-1,osmo16r7am2cje5xfwtkzdtd5249txuc50jkvlhnd7a,
transfer,channel-87,transfer,channel-1,comdex-1,osmo18wamg37s5v9fgnny7qh33h9twjfskf3svfvm2w,2050382
transfer,channel-88,transfer,channel-1,secret-4,osmo188npdeccnax34adzf404csdezl8ulv6axv250m,42400875406
transfer,channel-89,transfer,channel-5,devnet-2,osmo104pd3ga4tpp3zwl78ggp8fad0fpjqyac8kvazx,
transfer,channel-9,transfer,,crypto-org-chain-mainnet-1,osmo1wsxce0ls59rtj70fwcrxmtmmv32vpgmg9hlk4w,
transfer,channel-90,transfer,channel-3,hygieia-6,osmo18jcus0p7mn27tcyxfwcsa97zz3wpglv0ckk2qa,
transfer,channel-91,transfer,channel-4,hygieia-6,osmo18re7jzgu6alq8l5ylpj8ywaujc9lut8nvs4plv,
transfer,channel-92,transfer,channel-4,hygieia-6,osmo1q0pssjw6sjtprcwm8946jeuaceckrduwv76v4c,
transfer,channel-93,transfer,channel-5,hygieia-6,osmo1jnl9cj0xuwsmjuvd50af3sauj9acnmr20se7pn,
transfer,channel-94,transfer,channel-6,hygieia-6,osmo1wt4dazr6urxsvxpxvqavajp8khnyudmemp3dzp,
transfer,channel-95,transfer,channel-2,bostrom,osmo1akfrf46rjl52wqrfkm79dyr6vv32fcs6gfzfl4,3380596596
transfer,channel-96,transfer,channel-3,bostrom,osmo192xah6nvvem3ttne2yw53kfwqvh84hlxx8vll2,
transfer,channel-97,transfer,channel-7,hygieia-6,osmo1shwt0t842snpksljmj8s3t85zzeun7aahcfn0s,
transfer,channel-98,transfer,channel-8,hygieia-6,osmo1gjgxy0wzpw4k2dp6pkwzrh4jxndn5hvnp4zwlm,
transfer,channel-99,transfer,channel-9,hygieia-6,osmo1ct775c6tye5lr73lfsa9sxncvu87gx302dssr2,
